/*
 Navicat Premium Data Transfer

 Source Server         : localhost-mysql-master
 Source Server Type    : MySQL
 Source Server Version : 50719
 Source Host           : localhost:3306
 Source Schema         : my_curd_oa

 Target Server Type    : MySQL
 Target Server Version : 50719
 File Encoding         : 65001

 Date: 26/08/2019 21:00:47
*/

SET NAMES utf8mb4;
SET FOREIGN_KEY_CHECKS = 0;

-- ----------------------------
-- Table structure for act_evt_log
-- ----------------------------
DROP TABLE IF EXISTS `act_evt_log`;
CREATE TABLE `act_evt_log`  (
  `LOG_NR_` bigint(20) NOT NULL AUTO_INCREMENT,
  `TYPE_` varchar(64) CHARACTER SET utf8 COLLATE utf8_bin NULL DEFAULT NULL,
  `PROC_DEF_ID_` varchar(64) CHARACTER SET utf8 COLLATE utf8_bin NULL DEFAULT NULL,
  `PROC_INST_ID_` varchar(64) CHARACTER SET utf8 COLLATE utf8_bin NULL DEFAULT NULL,
  `EXECUTION_ID_` varchar(64) CHARACTER SET utf8 COLLATE utf8_bin NULL DEFAULT NULL,
  `TASK_ID_` varchar(64) CHARACTER SET utf8 COLLATE utf8_bin NULL DEFAULT NULL,
  `TIME_STAMP_` timestamp(3) NOT NULL DEFAULT CURRENT_TIMESTAMP(3) ON UPDATE CURRENT_TIMESTAMP(3),
  `USER_ID_` varchar(255) CHARACTER SET utf8 COLLATE utf8_bin NULL DEFAULT NULL,
  `DATA_` longblob NULL,
  `LOCK_OWNER_` varchar(255) CHARACTER SET utf8 COLLATE utf8_bin NULL DEFAULT NULL,
  `LOCK_TIME_` timestamp(3) NULL DEFAULT NULL,
  `IS_PROCESSED_` tinyint(4) NULL DEFAULT 0,
  PRIMARY KEY (`LOG_NR_`) USING BTREE
) ENGINE = InnoDB AUTO_INCREMENT = 1 CHARACTER SET = utf8 COLLATE = utf8_bin ROW_FORMAT = Dynamic;

-- ----------------------------
-- Table structure for act_ge_bytearray
-- ----------------------------
DROP TABLE IF EXISTS `act_ge_bytearray`;
CREATE TABLE `act_ge_bytearray`  (
  `ID_` varchar(64) CHARACTER SET utf8 COLLATE utf8_bin NOT NULL,
  `REV_` int(11) NULL DEFAULT NULL,
  `NAME_` varchar(255) CHARACTER SET utf8 COLLATE utf8_bin NULL DEFAULT NULL,
  `DEPLOYMENT_ID_` varchar(64) CHARACTER SET utf8 COLLATE utf8_bin NULL DEFAULT NULL,
  `BYTES_` longblob NULL,
  `GENERATED_` tinyint(4) NULL DEFAULT NULL,
  PRIMARY KEY (`ID_`) USING BTREE,
  INDEX `ACT_FK_BYTEARR_DEPL`(`DEPLOYMENT_ID_`) USING BTREE,
  CONSTRAINT `ACT_FK_BYTEARR_DEPL` FOREIGN KEY (`DEPLOYMENT_ID_`) REFERENCES `act_re_deployment` (`ID_`) ON DELETE RESTRICT ON UPDATE RESTRICT
) ENGINE = InnoDB CHARACTER SET = utf8 COLLATE = utf8_bin ROW_FORMAT = Dynamic;

-- ----------------------------
-- Records of act_ge_bytearray
-- ----------------------------
INSERT INTO `act_ge_bytearray` VALUES ('145009', 1, 'available.form', '145008', 0x3C74723E20200D0A202020203C74643EE99480E58187E697B6E997B4EFBC9A3C2F74643E20200D0A202020203C74643E20200D0A20202020202020203C696E7075742069643D2266705F617661696C61626C6554696D6522206E616D653D2266705F617661696C61626C6554696D652DE99480E58187E697B6E997B42220636C6173733D226561737975692D6461746574696D65626F78222072657175697265643D227472756522203E0D0A202020203C2F74643E20200D0A3C2F74723E0D0A, 0);
INSERT INTO `act_ge_bytearray` VALUES ('145010', 1, 'leaveProcess.bpmn', '145008', 0x3C3F786D6C2076657273696F6E3D22312E302220656E636F64696E673D225554462D38223F3E0A3C646566696E6974696F6E7320786D6C6E733D22687474703A2F2F7777772E6F6D672E6F72672F737065632F42504D4E2F32303130303532342F4D4F44454C2220786D6C6E733A7873693D22687474703A2F2F7777772E77332E6F72672F323030312F584D4C536368656D612D696E7374616E63652220786D6C6E733A61637469766974693D22687474703A2F2F61637469766974692E6F72672F62706D6E2220786D6C6E733A62706D6E64693D22687474703A2F2F7777772E6F6D672E6F72672F737065632F42504D4E2F32303130303532342F44492220786D6C6E733A6F6D6764633D22687474703A2F2F7777772E6F6D672E6F72672F737065632F44442F32303130303532342F44432220786D6C6E733A6F6D6764693D22687474703A2F2F7777772E6F6D672E6F72672F737065632F44442F32303130303532342F44492220747970654C616E67756167653D22687474703A2F2F7777772E77332E6F72672F323030312F584D4C536368656D61222065787072657373696F6E4C616E67756167653D22687474703A2F2F7777772E77332E6F72672F313939392F585061746822207461726765744E616D6573706163653D2271696E796F752074657374223E0A20203C70726F636573732069643D22656173792D6C656176652D7265717565737422206E616D653D22E7AE80E58D95E8AFB7E58187E6B581E7A88B2220697345786563757461626C653D2274727565223E0A202020203C646F63756D656E746174696F6E3EE6B58BE8AF95E7AE80E58D95E8AFB7E58187E6B581E7A88B3C2F646F63756D656E746174696F6E3E0A202020203C73746172744576656E742069643D2273746172744576656E7422206E616D653D22E58F91E8B5B7E6B581E7A88B222061637469766974693A696E69746961746F723D22696E69746961746F72223E3C2F73746172744576656E743E0A202020203C757365725461736B2069643D226872417564697422206E616D653D22E4BABAE58A9BE5AEA1E689B9222061637469766974693A63616E64696461746547726F7570733D22726F6C655F68725374616666222061637469766974693A666F726D4B65793D2261756469742E666F726D223E3C2F757365725461736B3E0A202020203C757365725461736B2069643D22676574526573756C7422206E616D653D22E794B3E8AFB7E4BABAE6B688E58187222061637469766974693A61737369676E65653D22247B696E69746961746F727D222061637469766974693A666F726D4B65793D22617661696C61626C652E666F726D223E0A2020202020203C646F63756D656E746174696F6E3EE8AFB720E4BC91E58187E5908E20E588B0E5B297E5908E20E689B9E5A48DEFBC8CE6A0B9E68DAEE5AE9EE99985E588B0E5B297E697B6E997B4E5A1ABE58699EFBC8CE99D9EE6ADA3E7A1AEE695B0E68DAE20E4B88DE4BA88E689B9E5A48DE380823C2F646F63756D656E746174696F6E3E0A202020203C2F757365725461736B3E0A202020203C656E644576656E742069643D22656E644576656E7422206E616D653D22E6B581E7A88BE7BB93E69D9F223E3C2F656E644576656E743E0A202020203C73657175656E6365466C6F772069643D22666C6F77312220736F757263655265663D2273746172744576656E7422207461726765745265663D2268724175646974223E3C2F73657175656E6365466C6F773E0A202020203C6578636C7573697665476174657761792069643D226578636C7573697665676174657761793122206E616D653D22E4BABAE58A9BE5AEA1E689B9E7BB93E69E9CE588A4E696AD223E3C2F6578636C7573697665476174657761793E0A202020203C757365725461736B2069643D2261646A757374466F726D22206E616D653D22E8B083E695B4E794B3E8AFB7222061637469766974693A61737369676E65653D22247B696E69746961746F727D223E0A2020202020203C646F63756D656E746174696F6E3EE8AFB720E6A0B9E68DAEE4B88AE4B8AA20E689B9E5A48DE8B083E695B420E8AFB7E58187E58D953C2F646F63756D656E746174696F6E3E0A202020203C2F757365725461736B3E0A202020203C73657175656E6365466C6F772069643D22666C6F77342220736F757263655265663D226872417564697422207461726765745265663D226578636C75736976656761746577617931223E3C2F73657175656E6365466C6F773E0A202020203C73657175656E6365466C6F772069643D22687252656A65637422206E616D653D22E68B92E7BB9D2220736F757263655265663D226578636C7573697665676174657761793122207461726765745265663D2261646A757374466F726D223E0A2020202020203C636F6E646974696F6E45787072657373696F6E207873693A747970653D2274466F726D616C45787072657373696F6E223E3C215B43444154415B247B66705F6175646974526573756C743D3D27E68B92E7BB9D277D5D5D3E3C2F636F6E646974696F6E45787072657373696F6E3E0A202020203C2F73657175656E6365466C6F773E0A202020203C73657175656E6365466C6F772069643D22666C6F77372220736F757263655265663D2261646A757374466F726D22207461726765745265663D2268724175646974223E3C2F73657175656E6365466C6F773E0A202020203C757365725461736B2069643D2266696E616E6365417564697422206E616D653D22E8B4A2E58AA1E5AEA1E689B9222061637469766974693A63616E64696461746547726F7570733D22726F6C655F66696E616E6365222061637469766974693A666F726D4B65793D2261756469742E666F726D223E0A2020202020203C646F63756D656E746174696F6E3EE6A0B9E68DAEE8AFB7E58187E58685E5AEB9E5819AE5A5BD20E5B7A5E8B584E8AEA1E7AE973C2F646F63756D656E746174696F6E3E0A202020203C2F757365725461736B3E0A202020203C73657175656E6365466C6F772069643D22666C6F773822206E616D653D22E5908CE6848F2220736F757263655265663D226578636C7573697665676174657761793122207461726765745265663D2266696E616E63654175646974223E0A2020202020203C636F6E646974696F6E45787072657373696F6E207873693A747970653D2274466F726D616C45787072657373696F6E223E3C215B43444154415B247B66705F6175646974526573756C743D3D27E5908CE6848F277D5D5D3E3C2F636F6E646974696F6E45787072657373696F6E3E0A202020203C2F73657175656E6365466C6F773E0A202020203C6578636C7573697665476174657761792069643D226578636C7573697665676174657761793222206E616D653D22E8B4A2E58AA1E5AEA1E689B9E7BB93E69E9CE588A4E696AD223E3C2F6578636C7573697665476174657761793E0A202020203C73657175656E6365466C6F772069643D22666C6F77392220736F757263655265663D2266696E616E6365417564697422207461726765745265663D226578636C75736976656761746577617932223E3C2F73657175656E6365466C6F773E0A202020203C73657175656E6365466C6F772069643D2266696E616E6365417070726F766522206E616D653D22E5908CE6848F2220736F757263655265663D226578636C7573697665676174657761793222207461726765745265663D22676574526573756C74223E0A2020202020203C636F6E646974696F6E45787072657373696F6E207873693A747970653D2274466F726D616C45787072657373696F6E223E3C215B43444154415B247B66705F6175646974526573756C743D3D27E5908CE6848F277D5D5D3E3C2F636F6E646974696F6E45787072657373696F6E3E0A202020203C2F73657175656E6365466C6F773E0A202020203C73657175656E6365466C6F772069643D2266696E616E636552656A65637422206E616D653D22E68B92E7BB9D2220736F757263655265663D226578636C7573697665676174657761793222207461726765745265663D2261646A757374466F726D223E0A2020202020203C636F6E646974696F6E45787072657373696F6E207873693A747970653D2274466F726D616C45787072657373696F6E223E3C215B43444154415B247B66705F6175646974526573756C743D3D27E68B92E7BB9D277D5D5D3E3C2F636F6E646974696F6E45787072657373696F6E3E0A202020203C2F73657175656E6365466C6F773E0A202020203C757365725461736B2069643D2268724C6F6F6B22206E616D653D22E99480E58187E7A1AEE8AEA4222061637469766974693A63616E64696461746547726F7570733D22726F6C655F68725374616666223E0A2020202020203C646F63756D656E746174696F6E3EE59198E5B7A5E588B0E5B297E99C80E8A68120E4BAB2E887AAE7A1AEE8AEA4EFBC8CE4B88DE58FAFE99A8FE69CBAE5AEA1E689B93C2F646F63756D656E746174696F6E3E0A202020203C2F757365725461736B3E0A202020203C73657175656E6365466C6F772069643D22666C6F7731302220736F757263655265663D22676574526573756C7422207461726765745265663D2268724C6F6F6B223E3C2F73657175656E6365466C6F773E0A202020203C73657175656E6365466C6F772069643D22666C6F7731312220736F757263655265663D2268724C6F6F6B22207461726765745265663D22656E644576656E74223E3C2F73657175656E6365466C6F773E0A20203C2F70726F636573733E0A20203C62706D6E64693A42504D4E4469616772616D2069643D2242504D4E4469616772616D5F656173792D6C656176652D72657175657374223E0A202020203C62706D6E64693A42504D4E506C616E652062706D6E456C656D656E743D22656173792D6C656176652D72657175657374222069643D2242504D4E506C616E655F656173792D6C656176652D72657175657374223E0A2020202020203C62706D6E64693A42504D4E53686170652062706D6E456C656D656E743D2273746172744576656E74222069643D2242504D4E53686170655F73746172744576656E74223E0A20202020202020203C6F6D6764633A426F756E6473206865696768743D2233352E30222077696474683D2233352E302220783D2236372E302220793D2234302E30223E3C2F6F6D6764633A426F756E64733E0A2020202020203C2F62706D6E64693A42504D4E53686170653E0A2020202020203C62706D6E64693A42504D4E53686170652062706D6E456C656D656E743D2268724175646974222069643D2242504D4E53686170655F68724175646974223E0A20202020202020203C6F6D6764633A426F756E6473206865696768743D2235352E30222077696474683D223132342E302220783D223134312E302220793D2233312E30223E3C2F6F6D6764633A426F756E64733E0A2020202020203C2F62706D6E64693A42504D4E53686170653E0A2020202020203C62706D6E64693A42504D4E53686170652062706D6E456C656D656E743D22676574526573756C74222069643D2242504D4E53686170655F676574526573756C74223E0A20202020202020203C6F6D6764633A426F756E6473206865696768743D2235382E30222077696474683D223134312E302220783D223435302E302220793D223237342E30223E3C2F6F6D6764633A426F756E64733E0A2020202020203C2F62706D6E64693A42504D4E53686170653E0A2020202020203C62706D6E64693A42504D4E53686170652062706D6E456C656D656E743D22656E644576656E74222069643D2242504D4E53686170655F656E644576656E74223E0A20202020202020203C6F6D6764633A426F756E6473206865696768743D2233352E30222077696474683D2233352E302220783D2237392E302220793D223238352E30223E3C2F6F6D6764633A426F756E64733E0A2020202020203C2F62706D6E64693A42504D4E53686170653E0A2020202020203C62706D6E64693A42504D4E53686170652062706D6E456C656D656E743D226578636C75736976656761746577617931222069643D2242504D4E53686170655F6578636C75736976656761746577617931223E0A20202020202020203C6F6D6764633A426F756E6473206865696768743D2234302E30222077696474683D2234302E302220783D223333322E302220793D2233382E30223E3C2F6F6D6764633A426F756E64733E0A2020202020203C2F62706D6E64693A42504D4E53686170653E0A2020202020203C62706D6E64693A42504D4E53686170652062706D6E456C656D656E743D2261646A757374466F726D222069643D2242504D4E53686170655F61646A757374466F726D223E0A20202020202020203C6F6D6764633A426F756E6473206865696768743D2235352E30222077696474683D223130352E302220783D223135302E302220793D223132342E30223E3C2F6F6D6764633A426F756E64733E0A2020202020203C2F62706D6E64693A42504D4E53686170653E0A2020202020203C62706D6E64693A42504D4E53686170652062706D6E456C656D656E743D2266696E616E63654175646974222069643D2242504D4E53686170655F66696E616E63654175646974223E0A20202020202020203C6F6D6764633A426F756E6473206865696768743D2235382E30222077696474683D223137312E302220783D223433352E302220793D2233302E30223E3C2F6F6D6764633A426F756E64733E0A2020202020203C2F62706D6E64693A42504D4E53686170653E0A2020202020203C62706D6E64693A42504D4E53686170652062706D6E456C656D656E743D226578636C75736976656761746577617932222069643D2242504D4E53686170655F6578636C75736976656761746577617932223E0A20202020202020203C6F6D6764633A426F756E6473206865696768743D2234302E30222077696474683D2234302E302220783D223530302E302220793D223139332E30223E3C2F6F6D6764633A426F756E64733E0A2020202020203C2F62706D6E64693A42504D4E53686170653E0A2020202020203C62706D6E64693A42504D4E53686170652062706D6E456C656D656E743D2268724C6F6F6B222069643D2242504D4E53686170655F68724C6F6F6B223E0A20202020202020203C6F6D6764633A426F756E6473206865696768743D2236312E30222077696474683D223134302E302220783D223233302E302220793D223237322E30223E3C2F6F6D6764633A426F756E64733E0A2020202020203C2F62706D6E64693A42504D4E53686170653E0A2020202020203C62706D6E64693A42504D4E456467652062706D6E456C656D656E743D22666C6F7731222069643D2242504D4E456467655F666C6F7731223E0A20202020202020203C6F6D6764693A776179706F696E7420783D223130322E302220793D2235372E30223E3C2F6F6D6764693A776179706F696E743E0A20202020202020203C6F6D6764693A776179706F696E7420783D223134312E302220793D2235382E30223E3C2F6F6D6764693A776179706F696E743E0A2020202020203C2F62706D6E64693A42504D4E456467653E0A2020202020203C62706D6E64693A42504D4E456467652062706D6E456C656D656E743D22666C6F7734222069643D2242504D4E456467655F666C6F7734223E0A20202020202020203C6F6D6764693A776179706F696E7420783D223236352E302220793D2235382E30223E3C2F6F6D6764693A776179706F696E743E0A20202020202020203C6F6D6764693A776179706F696E7420783D223333322E302220793D2235382E30223E3C2F6F6D6764693A776179706F696E743E0A2020202020203C2F62706D6E64693A42504D4E456467653E0A2020202020203C62706D6E64693A42504D4E456467652062706D6E456C656D656E743D22687252656A656374222069643D2242504D4E456467655F687252656A656374223E0A20202020202020203C6F6D6764693A776179706F696E7420783D223335322E302220793D2237382E30223E3C2F6F6D6764693A776179706F696E743E0A20202020202020203C6F6D6764693A776179706F696E7420783D223335312E302220793D223135312E30223E3C2F6F6D6764693A776179706F696E743E0A20202020202020203C6F6D6764693A776179706F696E7420783D223235352E302220793D223135312E30223E3C2F6F6D6764693A776179706F696E743E0A20202020202020203C62706D6E64693A42504D4E4C6162656C3E0A202020202020202020203C6F6D6764633A426F756E6473206865696768743D2231342E30222077696474683D2232342E302220783D223335392E302220793D223131312E30223E3C2F6F6D6764633A426F756E64733E0A20202020202020203C2F62706D6E64693A42504D4E4C6162656C3E0A2020202020203C2F62706D6E64693A42504D4E456467653E0A2020202020203C62706D6E64693A42504D4E456467652062706D6E456C656D656E743D22666C6F7737222069643D2242504D4E456467655F666C6F7737223E0A20202020202020203C6F6D6764693A776179706F696E7420783D223230322E302220793D223132342E30223E3C2F6F6D6764693A776179706F696E743E0A20202020202020203C6F6D6764693A776179706F696E7420783D223230332E302220793D2238362E30223E3C2F6F6D6764693A776179706F696E743E0A2020202020203C2F62706D6E64693A42504D4E456467653E0A2020202020203C62706D6E64693A42504D4E456467652062706D6E456C656D656E743D22666C6F7738222069643D2242504D4E456467655F666C6F7738223E0A20202020202020203C6F6D6764693A776179706F696E7420783D223337322E302220793D2235382E30223E3C2F6F6D6764693A776179706F696E743E0A20202020202020203C6F6D6764693A776179706F696E7420783D223433352E302220793D2235392E30223E3C2F6F6D6764693A776179706F696E743E0A20202020202020203C62706D6E64693A42504D4E4C6162656C3E0A202020202020202020203C6F6D6764633A426F756E6473206865696768743D2231342E30222077696474683D2232342E302220783D223338322E302220793D2235382E30223E3C2F6F6D6764633A426F756E64733E0A20202020202020203C2F62706D6E64693A42504D4E4C6162656C3E0A2020202020203C2F62706D6E64693A42504D4E456467653E0A2020202020203C62706D6E64693A42504D4E456467652062706D6E456C656D656E743D22666C6F7739222069643D2242504D4E456467655F666C6F7739223E0A20202020202020203C6F6D6764693A776179706F696E7420783D223532302E302220793D2238382E30223E3C2F6F6D6764693A776179706F696E743E0A20202020202020203C6F6D6764693A776179706F696E7420783D223532302E302220793D223139332E30223E3C2F6F6D6764693A776179706F696E743E0A2020202020203C2F62706D6E64693A42504D4E456467653E0A2020202020203C62706D6E64693A42504D4E456467652062706D6E456C656D656E743D2266696E616E6365417070726F7665222069643D2242504D4E456467655F66696E616E6365417070726F7665223E0A20202020202020203C6F6D6764693A776179706F696E7420783D223532302E302220793D223233332E30223E3C2F6F6D6764693A776179706F696E743E0A20202020202020203C6F6D6764693A776179706F696E7420783D223532302E302220793D223237342E30223E3C2F6F6D6764693A776179706F696E743E0A20202020202020203C62706D6E64693A42504D4E4C6162656C3E0A202020202020202020203C6F6D6764633A426F756E6473206865696768743D2231342E30222077696474683D2232342E302220783D223532392E302220793D223233382E30223E3C2F6F6D6764633A426F756E64733E0A20202020202020203C2F62706D6E64693A42504D4E4C6162656C3E0A2020202020203C2F62706D6E64693A42504D4E456467653E0A2020202020203C62706D6E64693A42504D4E456467652062706D6E456C656D656E743D2266696E616E636552656A656374222069643D2242504D4E456467655F66696E616E636552656A656374223E0A20202020202020203C6F6D6764693A776179706F696E7420783D223530302E302220793D223231332E30223E3C2F6F6D6764693A776179706F696E743E0A20202020202020203C6F6D6764693A776179706F696E7420783D223139322E302220793D223231342E30223E3C2F6F6D6764693A776179706F696E743E0A20202020202020203C6F6D6764693A776179706F696E7420783D223230322E302220793D223137392E30223E3C2F6F6D6764693A776179706F696E743E0A20202020202020203C62706D6E64693A42504D4E4C6162656C3E0A202020202020202020203C6F6D6764633A426F756E6473206865696768743D2231342E30222077696474683D2232342E302220783D223332392E302220793D223232312E30223E3C2F6F6D6764633A426F756E64733E0A20202020202020203C2F62706D6E64693A42504D4E4C6162656C3E0A2020202020203C2F62706D6E64693A42504D4E456467653E0A2020202020203C62706D6E64693A42504D4E456467652062706D6E456C656D656E743D22666C6F773130222069643D2242504D4E456467655F666C6F773130223E0A20202020202020203C6F6D6764693A776179706F696E7420783D223435302E302220793D223330332E30223E3C2F6F6D6764693A776179706F696E743E0A20202020202020203C6F6D6764693A776179706F696E7420783D223337302E302220793D223330322E30223E3C2F6F6D6764693A776179706F696E743E0A2020202020203C2F62706D6E64693A42504D4E456467653E0A2020202020203C62706D6E64693A42504D4E456467652062706D6E456C656D656E743D22666C6F773131222069643D2242504D4E456467655F666C6F773131223E0A20202020202020203C6F6D6764693A776179706F696E7420783D223233302E302220793D223330322E30223E3C2F6F6D6764693A776179706F696E743E0A20202020202020203C6F6D6764693A776179706F696E7420783D223131342E302220793D223330322E30223E3C2F6F6D6764693A776179706F696E743E0A2020202020203C2F62706D6E64693A42504D4E456467653E0A202020203C2F62706D6E64693A42504D4E506C616E653E0A20203C2F62706D6E64693A42504D4E4469616772616D3E0A3C2F646566696E6974696F6E733E, 0);
INSERT INTO `act_ge_bytearray` VALUES ('145011', 1, 'leaveProcess.png', '145008', 0x89504E470D0A1A0A0000000D494844520000047F0000025608020000004E3ABC1100003B6649444154789CEDDD6F705C777D2F7E85844430A4A8BD94280C24823E884A0BD61466EC478D02D3589DE905B56588CA03A3B94CC10C2DCDB4FD51D10EF84E21F5BDD352D34B33A105A36927F7AAC3386820495D12531592E0E68FE32418943F260A4E8248E2B0A9ED6463CBF6F91DEF26CB6AFF7965EFF99E73F6BC5EF319CF6A75F6ECD9FD9EE3EFE7BD67B53B1001000090BC81B437000000A010A42F00008010A42F00008010A42F00008010A42F00008010A42F00008010A42F00008010A42F00008010A42F00008010A42F00008010A42F00008010A42F00008010A42F00008010A42F00008010A42F00008010A42F00008010A42F00008010A42F00008010A42F00008010A42F00008010A42F00008010A42F00008010A42F00008010A42F00008010A42F00008010A42F00008010A42F00008010A42F00008010A42F00008010A42F80D32B97CB737373535353E3E3E323232303E4593C82F1384E4E4ECECECE964AA5B4772E000A44FACA2BBDE059D27ED1BD9D3B77C63B4C7CB85D7FFDF5B7EEDAF5C8FEFDC75656547E2B1EC1781C77ECD8B169D3A67864E3FF04D2DEC500280AE92B97F482DA2FC28893F9F4F4F4C68D1B0F3C7EE0D8CA31D57FF5F4334FC7FF09C443BCBCBC9CF6EE0640FF93BE72462FA8FD2298F8701B1B1BFBF2F62F1D5B39AAFABB6EBCE9C6F5EBD72F2D2DA5BDD301D0E7A4AF3CD10B6ABF08697A7ABA72B8BDA88A50B7EEBAE5F2CB7F3DED9D0E803E277DE5895E50FB45303B77EEDCB8F1CA95E365559CFAC49FFDE935D77C26ED5D0F807E267DE5865E50FB4530E572796464E4F1271E4B7D875421EBF091D2BA756F5F5C5C4C7B0704A06F495FF9F0722FB8B472FC0595681D3EF253ED17B3B3B3D3D3D3F53BC61513BFD5E5C769A6BE0FABB3A96BAEF9CB999999B4774000FA96F4950F2FF782CFD76A2DBDE0F36A4DA5FD62727272C70DFFF2B3C3EDCA8D3F8EA2C74E440FAF44DF3F1ADD7734BAFBF0F16D377CEB9B4F3C77E7B1E83FCBD19DE5E8B6E7A35B5E8CFEEEB6073EBCF923A9EFC3EA8CEB9E3DBBC7C6C6D2DE0101E85BD2573E547AC1B995E347AAB5F65EF088EABEEED9F35DED57F4F2076C16F3CBD0464747F7EDBBB7B64B0C0C0C1C8EA22327A3E78E47CF1E8B9E8FA23FFEF34F0FBCE2351BAE9C7C62253A70343AF062B4548E1E391E7DF5BBF7555EF2487F37566756878F1C1C1C1C4C7B0704A06F152B7D95CBE5F9F9F92D5BB6C46166FC65131313F13573737359EE32F582DAAFC0E2C3E1F2CB2FFFF2F6EDF13192E5432321434343CF1C7C62E5F8E16AC507D1F327A2A3274EFDEAF8C953FF7EE3E67F7BC32FFDEA5F7CF66F8E47D1A1E3D1732BD1B32B51FC34DD72D7FD9523EEB0CA6FC52398EEEE07401F2BCA1C1387AE3865C52D759CBBE2ACB563C70DB7EEFA56B56EBCE9E64F7DEAD353535371BFB561C3866C7EEBAE5E50FB1552357ADD7DCF9E632BC7E37F0B18C02A47CDA15AC53F1E391E1D7C213A76E2A505E227E46FBFF0C5CFFCF5170E3C79EA3BE2564E46C72A47E21DF7DCD7705B95BB2AF8E10F40A2FA7F8ED9BB776FDC3BC6A12B4E59712BD9B96EBBFD8E4D9B3E383636B6B0B090F686AFA217D47E05531FBDAA55C00056396AFEAB56A78EB813D1D3CF473F391CAD44D1B1A347472FBB6C60E0DC8181C1F7FDDEA6FA1BDEBDE7DE86DBAADC55910F7F0092D6E773CCD6AD5BE32875EBAE6F9D3677D557DC6BC6DDE7E6CD9BCBE572DA8FE0257A41ED5718CDD1AB9801ACF9887BFEC4A9D73B9E3C143DF56274F7BE1F5E74D145E79E77FEAB5EFBBAA90FAC3AE2EEBA678F232EEF55D8C31F8000FA768E8983D3D4D4D4CCCCCC9A72577DFDFDB5D7C6EDE6F2F272DA0FE5944A3FF75CADD6DE0B3EA7D654C56CBFDA45AF0206B0E623EE8593D1B3E553AF773CFD62B4EBAEC5B7AD7BC7EB7EF1F5AF1DFAF92FFED3575F8CA2C347A3E78F9EBAE16DBBEF72C4E5BD8A79F80310467FCE3171F4DAB061C3DCDCDC1947AFDA1B11E3F52C2D2DA5FD80AABD60A9566BEF054B6A4D55C0F6AB73F42A5A006B3EE2E22BE383EEB995E8A7C7A2270FADDCF1C0D2BA5F7BE715BFF19B4F1D8D7E528E9E2A47078F46F13177DB9D8EB8DC57010F7F0082E9CF39666A6AEAECA357ADDD8C0358EA6F418CBB81E3C77F5AABB5F682F5B755DD54D1DAAF6EA257A10258C351337EC5E5F7FFE0E1BB1F58DCBD77F1F63D8BB7DFFBD01DF7EFFFF73BBFFFDD071EFDF69E87BEB3E7C1DBEF7D70F77D0F3DF0F08FAEFD87EDEFBFEAFDA9EFC0EA6CAA68873F0021F5E11CB375EBD6B379C36173EDD871C3E4E464BA0FAAD20B3E5BABB5F782CFAA3555A1DAAFEEA357710258C31117D7C73EF6916EBEDCFC77DFF7BED4F75E759655A8C31F80C0FA6D8ED9BB77EFD8D8580FA357B53EFCE18F5C77DD75293EAE4A2F78B0BED6D20B1E546BADE2B45F6B8D5E050960CD479C2A4E15E7F00720BC7E9B63E2E8B5D63EB29B3AF0F813975E3A92E2FB0FF582DAAF249C59F42A420073C415B90A72F803908ABE9A63E6E7E72727277B1EBDAAF5F18FFFD1B66DDBD27A68A77AC113CFA8605584F6AB397ADD78D3CD975D36FAC8FEFD2D0F81A79F39B86EDDBA2F6FDF5E8400E6882B7215E1F007202D7D35C7C48DE05ABFDA6B4DA7BF868787D37A68955EF06915ACFABEFD6A19BD060707E3077EE9A523CD01AC1ABDAA6F672D420073C415B9FAFEF0072045FD33C7C4FDDFD0D05042D1AB5AEBD7AFDFBD7B772A8FAED20B3EA582557FB75F1DA257554300AB8F5E0509608EB822577F1FFE00A4AB7FE698D9D9D9E9E9E944D3D767AFB966666626B987303737D7EEBBC52ABDE04F54B0EAE3F6AB397A1D3A7C647878B8E1F35A6A01AC397AC5E2A876E0F127FA388039E28A5C7D7CF80390BAFE9963366FDE7CDD75D7259ABE6EDDF5ADB8C54C68FB1F7AE8A16A5F7BE18517EED8B1A3E1B7955E705905AB3CB65F1DD27B4DBB8FD988AF191A1A6A0E607BEEBDB765F4BAF1A69B9BD790BB0076BAD73BD2DF0F552A95C7C31F80BCE89F39666262A2B923EC6D3DB27F7FDC8F26B4FDE572F915AF7845B5BB7DE52B5FF92BBFF22BF57D61A517FCB10A56B96BBF3AA7F7AACE9F70D832809D7FFEF9DD44AF3C0630AF77A87695BBC31F801CE99F3926A1CF9AAFAF43878FC4AD67720FA1E1DD5FAF7AD5AB3EF4A10F553FE63EFEF1C4892753ACD36E40975BD86EB1DAF5CD17D27ABCC90D74123AA7F7A8BB0F976F19C0BA8C5EB90B605EEF50ED2A77873F0039D23F734C1C5DEAFF1025A1EAD09826EDC4892752ACD36E40BB05BA7C5C1D2EA4F578D3DEA3D7AC437AEFFE7BBD3A04B0D346AFDC05B02CBFDE91C40B0A5DBE14D2CD6D1BAE6FBE90EBCAE3E10F405EF4CF1C333A3AFABD7DFB02A4AFE41EC26B5FFBDA5A2338591177B18B8B8BD14BBD605ED35737B7CA5A0C8BEF347EF24F1B1DF3228E5EDD7F19C3BF2FFCC7B9E79EDBB08673CE3967FBF6AF74B986EA5F48E6FD094CF7883BE3FDB6DD4368FEB1C343EEF2C9E97021D735207D019098FE996312FDB2AF6A25FA775FA552A9DAD6C431F2F77FFFF7E37FE7E6E66ABFADF4348FA7582D37E074FDD99AD753BF40F385C08F37A1814E4E87F4BE77EFDE38803DFDCCC1D3EEE42D3FE1B0AAE5F780B55C437CBFF13D26F1187B3B2EA77BBD23CD23EEEC8FD38687D0FCAB2E17EE702FDD5CC863E5F1F007202FFA678E999E9EAEFF0EA224EAB6DBEF58BF7E7D42DBFFD8638F0D0E0E4E4C4C8C8C8CCCCCCC34BC71ABD2CA1C48B14EBB010D0BD4FFD831A1352EDFF0DBB41E78EEDAAFCEE93DEA2E8075885E5D06B0B546AF0EF7551B82D32E90C43396FA117736C769C3BF2D8FB886C3AD9BD576B8ED40DDF1DBE12679A9DC1DFE00E448FFCC31DBB66DFBF8C7FF28D1F415A7BB4D9B3E98DC43989F9F9F9D9D6DF911D89556E6476955F5DE3B6F43C36FEB7F5CD3E5FA0B293EEADCB55F9DD37B55E700D6327A9D73CE390DD77408606770D6ABC3F3DCF0ABFA1F7B323A5DBCDE91DA117736FBED8936076CF38F0D0760CB055A6A79D8D6FF36A7CF5EFDE33AFB1D0C005AEA9F39260E2D71179568FADAB871E3CE9D3B537974956EE6B1B4AA7AEF9DB7A1E1B7F53F766CE3562D537FC3D41F722A037D363AA4F79A7601ACDD572AFFDDFFF942CBEF016B0E6067F686C3EAF3DCBC6374F855F392672CB3AF779C4D6C38D12A7DBD7C7CB5B8DC70F396BF3AEDE5962BCF6FE5F1F007202FFA6A8E49F483370E1D3E12B7A1D5CF430BEF544373722995AABFEB769BD17C7DBB5BB5BCFC52C7D674655A0FB97AEFA90C7400CD01AC5DF4AA7EC261BB2F62AE0F6067FCB75E1D9EE7818E27BB921EA08154C37F4F5E281968F5EA46E7174D1A7ED54E665F34E9E1D398E8DE054091F5D51C93E89B0FFFE6739F8B579ED643AB44914753A9FABB6EB719CDD737DCAA6D1BD7B47CF385B41E755A631D407300DBB4E9832DA357B59A03D8C68D1B0F1D3E7296D12BEAE2DC576DB196CB246720D5F07F36AF1A34FCDBFC63EDF58E56C7E31A5E40A9BF49F3855C577F1FFE00A4ABAFE69872B93C323292C4B77EC58DE6A5978E2C2F2FA7F5D02A3DCD0FC357F3FD76734DC3956BBA5CBDF07263D776FD011E785A631D468700D6F27BBDEA0358AFA2575497BE3A5FD93C1C41D2576AE1FF2C5F2B69FEF7B42F91B4FCB17D48CBE88B263D7C1A13DDBB0028B27E9B63E6E6E6DE7FD5557D76E22B7AA917DC1FB8DADD69FDF5DD2CB3A6EB5F6EEF565D93CA634F71B8C36819C03A7CA5723580F5307A456B495FCDCEF84EBBDCB0545EEFE8D56B079D5FEC68794D871FF3F2A2490F9FC044F72E008AAC0FE798F7BCF7BD3B76DCD0C3E8F5BD7DFBD6AD5B17779C293EA8F009A4F33D3604A4FAEB6BF1A9FBD5D6DFA421DA755E9BF475969A03581CB13A1F0B3D8C5E51D7EF3C6C583E8054F6BA5EEDBAED8ECDCE47E25A0FDB13D97BD1A487CF6198DD0C8002EAC339A6542AAD5FBFBE571FBF51FD408247F6EF4FF741555A994754B02A4EFBD5FD1731371C173DF94AE50ECF73ED570D61ACF94212721A1EDA9D976E7815A3398975F36A4BF395597BD1A4874F6372BB160005D79F73CCE2E2621CC03A7F2D6C972DE67BDEFBDE1B6FBA39ED0754ED051F56C1AA50EDD75A0358AFA2577446E9ABC3953DE4F58E2257A10E7F0002EBDB39266E0DD7AD5B77DBED779CCD1B0EE3089785E815557AC193271F52C1AA68ED57F701AC87D12B6AFFF6C296EF3FECF2DD89BDDAB0D45F02506955D10E7F0042EAE739A6542AC50DE5A73EF5E9B5BEABEAD0E1237FF3B9CF55DFBE98F6837849257D3DA8825501DBAF6E02586FA3579679BDA3C855C0C31F8060FA7C8E2997CB71FABAECB2D1384DD53E2DA0737D79FBF678F98F7FFC8FE24633EDCDFF994A2FB8A8825531DBAFCE01AC38D12BF27A47B1AB98873F006114628E595E5EBEFAEAAB878686DEF3DEF7C6E1AAF953DDE26BAEBFFEFFBEFFAAABE265366DFAE0D2D252DA9BDCA8D20BFE4005ABC2B65FED0258A1A257E4F58E6257610F7F000228D01C532E97E7E7E7A7A7A7D7AD5BD7F00724F13571F49A9B9B2B954A696F666B955EF0FB2A5815B9FD6A0E60458B5E91F455EC2AF2E10F40D2CC31F9303838F8C20B7B4E9EDCA7C254C1DBAFFA0056C0E81539DB5CEC2AF8E10F40A2CC31F9303232F2E8A3DF4C3D9314A7B45FD500F6C8FEFD058C5E91B3CDC52E873F00C931C7E4C3C4C4C4BFEEBCEE64F43D15A07EB0F88DD1D1D1B4C73C7DEF79CF7BE2D85FC0E81539DB5CEC92BE00488E39261FB66EDD3A33F3A193D1032A407D65F633D3D3D3698F79FA8ADC839E3ADBBCF4CDD45F0850A95491F77C0092668EC987A5A5A5D1D137BF50BEEB6474BF4ABA2627DF353F3F9FF698A7AFC83DE8CB679BD37F2D4005AE1F2C7EDDA96F009253DCEE2A77B69CB2398AEE5389D6DCDCFF9A9A9A487BB433A1C8E9AB72B6F97FA4FE42800A5F5F99FD4BA7BE01484E71BBABDC2997CBE3E3EFDCBDFB9FA368AF4AA89697778D8E8E944ADF497BB433A1C8E9CBD9E6C29653DF0024AAB8DD551E2D2E2E8E8D5DB6B8F8B528BA57F5BC96976F8DF3EDC2C23FA63DCE5951E4F41539DB5CC872EA1B80A415BABBCAA3DDBB77C7016CEBD63F8CA23DAA87353FFFB9D1D111D1AB5EC1D397B3CD452BA7BE0108A0D0DD554EC54DE1CCCCF4F8F83B6667B72C2F7F338AEE51675CA5D2C2DCDC5F4D4D5D3939391E5F4E7B6CB3A5E0E92B72B6B948E5D437006114BDBBCAAF858585E9E9E9E1E1E101CEC2D0D0D0D4D4D4DCDC5CDAE3994503854F5F91B3CDC528A7BE0108467745827C7458AE495F55CE36F76B39F50D4078BA2B9272E79D77C6ED7BA9544A7B433843D2573D679BFB8F53DF0084A7BB2229975C7249DCDFFCC11FFC41DA1BC2191A90BE8ACA596B004888EE8A447CFEF39FAFBEBA7CF1C517EFDDBB37EDCDE14C485F8565E8012021A6587AAF542A0D0E0E56D3D7F9E79FFF8E77BC23ED2DE24C68C10BCBD00340424CB1F4DEE4E464FD1F575C72C925B3B3B3696F146BA6052F2C430F000931C5D263A552A9F9AFDBDFF8C63796CBE5B4378DB5D1821796A10780849862E9B12F7DE94BD5C4F5B6B7BDAD96BEDEFAD6B72E2C2CA4BD69AC8D16BCB00C3D0024C4144B8F7DE73BDF79CD6B5E33323232343414F770C315AF7FFDEBA5AFDCD1821796A10780849862E9BDBD7BF72E2D2D452FF770F1651F7B98475AF0C232F4009010532C09D2C3E59AE12B2C430F000931C592203D5CAE19BEC232F4009010532C09D2C3E59AE12B2C430F000931C592203D5CAE19BEC232F4009010532C09D2C3E59AE12B2C430F000931C592203D5CAE19BEC232F4009010532C09D2C3E59AE12B2C430F000931C592203D5CAE19BEC232F4009010532C09D2C3E59AE12B2C430F000931C592203D5CAE19BEC232F4009010532C09D2C3E59AE12B2C430F000931C592203D5CAE19BEC232F4009010532C09D2C3E59AE12B2C430F000931C592203D5CAE19BEC232F4009010532C09D2C3E59AE12B2C430F000931C592203D5CAE19BEC232F4009010532C09D2C3E59AE12B2C430F000931C592203D5CAE7518BE6E46B67E197B42BE182F004888299604E9E172AD9BF435D0A4E5CD5B2E40661926004888299604E9E172ADCBF475DADB3A09963B86090012628A25417AB85C6B397C0D67B1DA2D53BF70E7159241460A0012628A25417AB85C3BE3771E36BCC9B0C3BB13C9266304000931C592203D5CAE9DC13B0F5B9EE96A384B66AFC83E6304000931C592203D5CAE754E5F2DDF79D83262495FB9638C002021A65812A487CBB5CE7FF7D5729986771E36FFE89D87B9608C002021A65812A487CBB533FEBBAFEED743361932004888299604E9E172ED0CFEEEAB6199CEEF4E24B38C110024C4144B82F470B976C6E9ABE12498F4953BC6080012628AED43E572796E6E6E6A6A6A7C7C7C6464A4F9BD6105113FF6F819989C9C9C9D9D2D954A690F4BFE0CB4FF26E581B5BCF3B079B1A4B6981E3146009010536CBFD9B973679C3AE2E875FDF5D7DFBA6BD723FBF71F5B592966C58F3D7E0676ECD8B169D3A6F839893358DA8393335AF0C232F4009010536CFF28954AD3D3D31B376E3CF0F881632BC7547D3DFDCCD371068B9F9CE5E5E5B4072A37B4E08565E8012021A6D83E1147AFB1B1B12F6FFFD2B195A3AA5DDD78D38DEBD7AF5F5A5A4A7BB8F2410B5E58861E0012628AED13D3D3D395E8F5A2EA5CB7EEBAE5F2CB7F3DEDE1CA072D7861197A00488829B61FECDCB973E3C62B578E975537F5893FFBD36BAEF94CDA8396035AF0C232F4009010536CEE95CBE5919191C79F585A39FE82EAA60E1FF9E9BA756F5F5C5C4C7BE8B24E0B5E58861E0012628ACDBDD9D9D9E9E9E995E3CFD7EA8A89DFEAF233D9EB6F55A8BAE69ABF9C9999497BE8B24E0B5E58861E0012628ACDBDC9C9C91D37FCCBCFA2D7951B7F1C458F9D881E5E89BE7F34BAEF6874F7E1E3DB6EF8D6379F78EECE63D17F96A33BCBD16DCF47B7BC18FDDD6D0F7C78F347520F42A9D43D7B768F8D8DA53D7459A7052F2C430F000931C5E6DEE8E8E8BE7DF7AE1C3F52ADB86D3A1C45474E46CF1D8F9E3D163D1F457FFCE79F1E78C56B365C39F9C44A74E06874E0C568A91C3D723CFAEA77EFAB9CFE3A52C03A7CE4E0E0E060DA4397755AF0C232F4009010536CEE0D0D0D3D73F08995E387AB15B74DCF9F888E9E38F5ABE3274FFDFB8D9BFFED0DBFF4AB7FF1D9BF391E45878E47CFAD44CFAE44A528BAE5AEFB2BE9EB70314B7F795A9EA2C232F4009010536CEE5512D4A15AC53F1E391E1D7C213A76E2A5054AA5D2DF7EE18B9FF9EB2F1C78F2D4170DAF9C8C8E5552D91DF7DCD770DB4295FEF2B43C458565E8012021A6D8DCAB24A8FFAAD5A9F475227AFAF9E82787A395283A76F4E8E865970D0C9C3B3030F8BEDFDB547FC3BBF7DCDB70DB4295FEF2B43C458565E8012021A6D8DCAB24A8E76A557DE7E1C117A2270F454FBD18DDBDEF87175D74D1B9E79DFFAAD7BE6EEA03ABD2D75DF7EC69B86DA14A7F795A9EA2C232F4009010536CEE551254A956F18F2F9C8C9E2D9F3AF7F5F48BD1AEBB16DFB6EE1DAFFBC5D7BF76E8E7BFF84F5F7D318A0E1F8D9E3F7AEA86B7EDBEABE1B6852AFD6567CBCBCBC3C3C3696F05E970740040424CB1B917F749C78FFFB456D5B6290E60CFAD443F3D163D7968E58E0796D6FDDA3BAFF88DDF7CEA68F49372F454393A78348AF3D76D77DED570DB4295FEB2B3A5A5A5919191B4B78274383A002021A6D8DC6B4850E3575C7EFF0F1EBEFB81C5DD7B176FDFB378FBBD0FDD71FFFE7FBFF3FBDF7DE0D16FEF79E83B7B1EBCFDDE0777DFF7D0030FFFE8DA7FD8FEFEABDE9F7A0A92BEB269E7CE9D131313696F05E970740040424CB1B957495FCFD6D7C73EF691812EFCEEFBDED770C34295FEB2B32D15696F05E970740040424CB1B957495F07D55A4B7FD9D9C4C4C4CE9D3BD3DE0AD2E1E8008084986273EF54FA3AF18C5A6BE92F3B585E5E1E19192997CB696F08E970740040424CB1B957495F4FABB596FEB2836DDBB65D7DF5D5696F05A971740040424CB1B957495F4FA9B596FEB29D72B93C3232B2BCBC9CF686901A47070024C4149B7B95F4F513B5D6D25FB6333D3D3D3B3B9BF656902647070024C4149B7B95F4B5ACD65AEDFACBB9B9B9A5A5A5B0639821DBB66DDBBC7973DA5B41CAA42F0048882936F7A4AF9EA4AF52A9F4810F7CA0FA59FC175F7C71010358B95C9E9E9E16BD88A42F00488C2936F72AE9EBC7BDADFA75B6FCAEB00E0B77B9DA0E5726F1885ADE6FED39BCEEBAEB060707AB0F2DBE303C3C5CA8BF7A8A93E7B66DDB464646BCE1902AE90B0012628ACDBDB84F3A71E2C99E576DB5CDEBAF5ED31CC91AAEECB0CE2E57D86E3DBD7A80F1B3B7B8B8F896B7BCA5FEEE366CD810E790B4473584858585AD5BB74E4E4EC68FF7EAABAF2E54E0A433E90B0012628ACDBD4A3E7922B9AAADBFDD85DABFCD0BD4AE6F13AB4E738F493FAEF1F1F10E9BD7F7E2873F3333333F3F5F2A95D2DE8BC99601E90B0092618ACDBD815359E5F1E4AABAFE5ACB5EBBA6FECA865FD56F523797EBAF6C5E67728F2B7EF6969696DEFDEE77BFE94D6FAADDE385175E38363696F6A8429AA42F0048882936F72A11E5406FEBE5E4F3D2E576176A4B365CD3B0AACE971B6EDEBC8684AABEBFDCB973E7A5975EFAC637BEB1BA31175C7041B95C4E714C215DD2170024C4149B7B95ACF2A39E576DB52DDFB456BF4CBB7F3BDCBC7E25F5B7EABC58CF1F60FDD318C7AD2D5BB65C72C925636363F1BF7BF7EE4D6B402175D2170024C4149B7B01D257CB5F352FD01CA8DA5DD9CDC22DEF3AB9F455B5B4B4343B3B3B3F3F1F7E1C213BA42F0048882936F72A11E5B19E576DB5D50B7567A21AAF697FCE6AD57ABAB9DC6E25093DC0B4870E32CAD101000931C5E6DEA9887272A9E7555B6DF542F3BFED966FBEBE6D3C6B735FA75D67AF1E60DA430719E5E8008084986273AF12511EED79BD1C901EADFDDB704D6DB1FAE5EB176B58A09BCBAD125AEF1F5AEDBED21E3AC82847070024C4149B7B9588F2C39E576DB5CDEBAFBFA6C3621DD6D97C7DF5570D0B24F4D06A2B4F7BE820A31C1D009010536CEE5522CAFE84AA61E575A7A47E76B9FD1B0B4FB3B6E6EBEB1768B7921E3EB4B4870E32CAD101000931C5E65E25A23CA2D65AFA4B68C7D101000931C5E65E257D3DACD65AFA4B68C7D101000931C5E69EF4257D416F393A002021A6D8DC8BFBA493271F526B2DFD25B4E3E8008084986273AF92BE1E546B2DFD25B4E3E8008084986273AF92BE16D55A4B7F09ED383A002021A6D8DCABA4AF1FA8B596FE12DA71740040424CB1B9373838F8C20BF79E3CF97DB5A6D25F423B8E0E0048882936F74646461E7DF49B274FEE536B2AFD25B4E3E80080849862736F6262E25F775E7732FA9EEABE7EB0F88DD1D1D1B4870E324AFA0280849862736FEBD6AD33331F4A3DCFE4ABBE32FBD9E9E9E9B4870E324AFA0280849862736F69696974F4CD2F94EF3E193DA0BAACC9C977CDCFCFA73D749051D2170024C414DB0FB69CB2F96474BFEAA6FEDFDCFF9E9A9A487BD020BBA42F00488829B61F94CBE5F1F177EEDEFDCF51749FEA5CCBCBBB4647DF5C2ADD96F6A04176495F009010536C9F585C5C1C1BBB6C71713E8AF6AA761547AF38A62E2C7C29EDE1824C93BE002021A6D8FEB17BF7EE38806DDDFA875174AF6AAEF9F9CF8D8E8E2C2CFC63DA030559277D0140424CB17DA55C2ECFCC4C8F8FBF6376F67F2E2FDF12457B54A9F41F73737F3535B57172723CBE9CF610410E485F009010536C1F5A5858989EFEEFC3C3FF6D808181A1A10BA7A6AE8C0358DAC302B931207D0140324CB1F49EAFD2825C93BE002021A6587AE6CE3BEFFCEDDFFEED071F7C70646424ED6D01CE9CF405000931C5D233975C72C9E0E0E09FFCC99F4C4E4EA6BD2DC09993BE002021A6587AE3F39FFF7CDCB15D7CF1C5BFFCCBBFBC75EBD6B437073873D2170024C4144B0F944AA5C1C1C1EAA75C9C77DE795FFFFAD7D3DE22E0CC495F009010532C3D30393959FB8CC173CF3D77FBF6ED696F1170E6A42F0048882996B3F5F5AF7FBDFE13DEE3F435353595F646016B333737171FBF838383636363F185E1E1E1F8DF57BFFAD58B8B8B696F1A00F40FE98BB3B57EFDFA5FF8855F883BB6A1A1A16A00FBB99FFBB972B99CF676016BF0B5AF7DADF9EBF2AEB8E28AF9F9F9B4370D00FA87F4C5D98A9BB3858585D9D9D9DFF99DDF79CD6B5E13776C6F7DEB5BE36BD2DE2E600DCAE5F205175C501FBDDEFEF6B70F0F0F974AA5B4370D00FA87F4452FAD5BB7EE0D6F78C3EB5FFF7AE90B72E7939FFCE479E79D574B5F1FFDE847676666D2DE2800E82BD217BD34343474FFFDF7EFDDBB37ED0D01CEC445175D548D5E575D75D5C8C888B71003406F495FF4CCD2D252DCAEA5BD15C099FBF6B7BFFDCA57BE324E5F131313FEE20B007A4EFAA267E25E6D727232EDAD00CECABBDEF5AE6AFA4A7B4300A00F495FF4CCCCCCCCD6AD5BD3DE0AE0AC2C2F2FC7E9CB07CD034012A42F7A66626262E7CE9D696F0570B67CDB320024C4144BCF0C0D0DF9706AC8BBF8289E9E9E762C034012A42F7AC3476E401F8843D7E5975FFEE5EDDBC7C7C7053000E839E98BDEF0911B9077D5E875F73D7B8EAD1C8FFF15C000A0E7A42F7AC3476E40AED547AF6A096000D073D217BDE1233720BF9AA3970006004990BEE80D1FB90139D52E7A096000D073D2173D10776671FA4A7B2B8035EB1CBD043000E82DE98B1ED8BB77EFD8D858DA5B01AC4D37D14B0003801E92BEE8011F7808B9D37DF412C000A057A42F7A607676767A7A3AEDAD00BAB5D6E8258001404F485FF480F405397266D14B000380B3277DD103D217E44573F4BAF1A69B2FBB6CF491FDFB5BC6ADA79F39B86EDDBA2F6FDF2E8001C0D993BEE881858585B81B4B7B2B80D36819BD0607070706062EBD74A4398055A3D74085000600674FFAA2377CDF17645C87E855D510C0EAA3970006003D217DD11B535353737373696F05D05A73F43A74F8C8F0F0F0C06AB500D61CBD6271543BF0F8130218009C31E98BDEF0955F9059ED3E6623BE666868A83980EDB9F7DE96D1EBC69B6EF6211C007036A42F7A667272D2E92FC89ACE9F70D832809D7FFEF9DD442F010C00D64AFAA267E2F66B6262420083ECE8E6C3E55B06B02EA3970006006B227DD14BE572796A6A6A727272EFDEBD696F0B145DF7DFEBD521809D367A096000D03DE98BDE9B9F9F1F1B1BDBB061C3962D5B161616E24896F61685B0D0BF666767B7F4AFF1FE1547AF5B777DABCBAF51FEF785FF38F7DC731BA2D739E79CB37DFB57BA5C437C5FE3BE7902003A92BE48CAEEDDBBABAD6DFD475AF7B1941BED244D4F4FA71D91129476B64DD0DEBD7BE300F6F433074F1B9C5A7EC26155CBEF016BB986785771D21B003A93BE00FA563701AC43F4EA3280895E00D025E90BA09F750E602DA3D739E79CD37D0013BD00A07BD217409F6B17C0DA7DA5F2DFFD9F2FB4FC1EB0E600267A01C09A485F00FDAF3980B58B5ED54F386CF745CCF5014CF40280B592BE000AA139806DDAF4C196D1ABDDC7D06FDCB8F1D0E123A217009C31E90BA0283A04B096DFEB551FC0442F00387BD2174081B40C601DBE52B91AC0442F00E809E90BFAD6C0C0E90FF0FA65BA599E3ED01CC0E288D5E103E5BFB76F9FE805003DA1D982BE554B53CDDFE0D4BC4CC362A1B795B0BAFF22669F7008003DA4C782BE559FBE3A2FD0E132FD6AAD014CF40280B3A7C7823ED47016AB659A6A3833D67C3D7DAFFB00267A01404F68B3A06F757EE761C39B0C3BBC3B913ED64D0013BD00A0573458D0B7DABDF3B0E599AE86B364D25771740E60A21700F490060BFA56BB771EB68C58D25791B50B60A21700F496060BFA50F3BB0A1B7E1BB5FADB30EF3C2CB2E600267A0140CF69B0A06FADE96FBAC42DEA0398E8050049D06F41DFEAE66D84A77D772285520D608FECDF2F7A0140123458D0B73AA7AFCE1F342F7D15561CBA464646442F004882060BFAD3197C9ABCBFFBA26A7A7A3AED4D0080FEA4C1026015D91B0012628A056015E90B0012628A056015E90B0012628A056015E90B0012628A056015E90B0012628A056015E90B0012628A056095DEA62F590E006A4C8A00ACD2392F357F7D5CF3D7C49D7601002826132100AB9C367D75F9ABFA1FE52E0088A42F001A7493BE5A9ED46AF72BA7BF00A0CA2C08C02A3D39F7D5BC98DC0500E642005639CB735FB5C59CF5028006E6420056E9327D75BED2B92F0068662E0460955EA52FE7BE00A081B91080557AF2CEC32ED70600856252046095B3FFD48D8630D67C01008AC94408C02A3D4F5F1DAE048042310B02B0CA19A4AF2E3FF9F0B42B0780FE661604601501090012628A056015E90B0012628A056015E90B0012628A056015E90B0012628A056015E90B0012628A056015E90B0012628A056015E90B0012628A056015E90B0012628A056015E90B0012628A056015E90B0012628A056015E90B0012628A056015E90B0012628A056015E90B0012628A05209A9B9B8B43D7E0E0E0D8D8587C61787838FEF7D5AF7EF5E2E262DA9B0600FD43FA0220FADAD7BE36D0E48A2BAE989F9F4F7BD300A07F485F0044E572F9820B2EA88F5E6F7FFBDB8787874BA552DA9B0600FD43FA02E0944F7EF293E79D775E2D7D7DF4A31F9D9999497BA300A0AF485F00BCE4A28B2EAA46AFABAEBA6A6464A45C2EA7BD4500D057A42F005EF2ED6F7FFB95AF7C659CBE262626FCC51700F49CF405C0CFBCEB5DEFAAA6AFB4370400FA90F445EE95CBE5B9B9B9A9A9A9F1F1F1919191E6CF6DA3B7E227397EAA2727276767677D2443FF595E5E8E47D907CD034012A42FF26DE7CE9D711888A3D7F5D75F7FEBAE5D8FECDF7F6C6545255AF1931C3FD53B76ECD8B46953FCE4C7192CEDBD801E1BF06DCB00900C532C79552A95A6A7A7376EDC78E0F103C7568EA954EAE9679E8E33583C0ACBCBCB69EF1119E27C6C784EC902900BD217B91477576363635FDEFEA5632B4755EA75E34D37AE5FBF7E696929EDFD22139C8F754A1600DA91BEC8A5E9E9E94AF47A5165A46EDD75CBE597FF7ADAFB45CA9C8FCD4839250B4066495FE4CFCE9D3B376EBC32F5BCA11AEA139FF8FF3E7BCD67D2DE3B52E37C6CD6CA2959003248FA2267CAE5F2C8C8C8E34F3CB672BCAC3255878F94D6AD7B7B613F2BCFF9D80C9653B200648DF445CECCCECEC66DEECAF1176A75C5C46F75F977F9F5B75249D435D7FCE5CCCC4CDAFB480AAAE763530FC0AAB93EF1677F7A4D814FC9029035D21739333939B9E3867F5939FE7CB5AEB872E38FA3E8B113D1C32BD1F78F46F71D8DEE3E7C7CDB0DDFFAE613CFDD792CFACF72746739BAEDF9E89617A3BFBBED810F6FFE48ED862A89BA67CFEEB1B1B1B4F791D09C8FCD7215FC942C0059237D9133A3A3A3FBF6EDADB5FB03030387A3E8C8C9E8B9E3D1B3C7A2E7A3E88FFFFCD303AF78CD862B279F58890E1C8D0EBC182D95A3478E475FFDEE7D95D35FE947943EAEC3479E1D1C1C4C7B1F09CDF9D88C57614FC9029041D21739333434F4CCC127578E1FA956DCBF3E7F223A7AE2D4AF8E9F3CF5EF376EFEB737FCD2AFFEC567FFE678141D3A1E3DB7123DBB1295A2E896BBEEAF34BB4754A23550BC2FEA753E36E355CC53B2006453E1FA24F2AE92A00ED72AFEF1C8F1E8E00BD1B1132F2D502A95FEF60B5FFCCC5F7FE1C093A73E6C7AE56474AC92CAEEB8E7BE86DBAA24AA80E9AB723EF6DEFAFCB9C6F3B1E967E6FEAEC3470E16F0942C00D954B83E89BCAB74AB876A752A7D9D889E7E3EFAC9E168258A8E1D3D3A7AD9650303E70E0C0CBEEFF736D5DFF0EE3DF736DC562551054C5F95F3B14FD4E7CF359E8F4D3F33F77D1570B704209B4C488DCAE5F2FCFCFC962D5B262727C75F363131115F333B3BEBBB3B5357E956FFAB56D54EF7E00BD19387A2A75E8CEEDEF7C38B2EBAE8DCF3CE7FD56B5F37F58155E9EBAE7BF634DC562551056C735BBC22B0B6F3B1E967E6BEAF02EE9600649309E967E2D01527AED3FE95FCD8D8D875D75D1787B4B4B7B7A09AD3D70B27A367CBA7CE7D3DFD62B4EBAEC5B7AD7BC7EB7EF1F5AF1DFAF92FFED3575F8CA2C347A3E78F9EBAE16DBBEF92BEA4AF24381F9BFD2AE06E09403699904E595858D8B06143979F515635323212A7B5B437BC882ADDEA73B5AA365571007B6E25FAE9B1E8C9432B773CB0B4EED7DE79C56FFCE65347A39F94A3A7CAD1C1A3519CBF6EBBF3AE86DBAA24AA806DAEF3B1D9AF02EE96006453D127A472B93C3D3DDD7C76EB139FF8B31D3B6EB875D7B76AF5A94F7D7AE3C68D0D4B4E4E4E964AA5B41F44B154BAD552ADC6AFB8FCFE1F3C7CF7038BBBF72EDEBE67F1F67B1FBAE3FEFDFF7EE7F7BFFBC0A3DFDEF3D077F63C78FBBD0FEEBEEFA1071EFED1B5FFB0FDFD57BDBFFEB62A892A609BDBFC8AC01ACFC7A69F99FBBE0AB85B02904D859E909697971B4E797DFCE37FF4C8FEFDC7568EB7ABA79F39F8F7D75E3B3C3C5C7F126CEFDEBD693F9402899FF3E3C77F5A5F1FFBD8E66E4E57FEEEFBDED77043954415B0CD6D784560EDE763D3CFCC7D5F05DC2D01C8A6E24E484B4B4B7170AAB5E61313139D73574306FBD4A73E5DBBEDE0E0E0EEDDBBD37E404551495FCFAACC5601DBDC865704D67A3E36F5C05C842AE06E0940361574422A97CBF567BD3E7BCD355DE6AEFABAFEFAFF1BE7AEDA19301F871886F495F12A609BEB7C6CF6AB80BB2500D954D009696A6AAAD600EDD871C31944AF6ADD7DCF9EA1A1A1EA7AC6C7C7D37E588550E9740FAACC5601DB5CAF0864BF0AB85B02904D459C90E6E7E7CFF2AC577DDD78D3CDB5B56DDBB62DED07D7FF4E75BA279E5199AD02B6B95E11C87E1570B704209B8A38218D8D8DD5FED6EB2CA357B56A7F03363C3CEC7BC09256495F4FABCC5601DB5CAF0864BF0AB85B02904D859B90E6E6E66A1F9571E0F1277A92BE0E1D3E52FB14C4ABAFBE3AED87D8E7A4AF8C5701DB5CFB64F6AB80BB2500D954B809697C7CBC1A933EFEF13FEA49F4AAD697B76FAFAE76686828ED87D8E72A9DEE532AB355C036D73E99FD2AE06E094036156B422A954AB5BFD1EAD589AF5A5D7AE94875CD0B0B0B693FD07E56E9747FA2325B056C73A5AFEC5701774B00B2A95813D2ECEC6CEDF3097B1BBDE2FAF0873F525DF9CCCC4CCB7B9F9B9B5B5A5A0AFB88FB50A5D35D5699AD766D6E1FEFFF5E11C87E495F006444B126A4CD9B37F7EAA30E9BEBD65DDFAAAE7CC3860DF5775A2A953EF0810F547F75F1C517F76B031A4CA5D3FDB1CA6C35B4B945D8FFBD2290FD92BE00C888624D48131313D52EF0C69B6EEE79FA7A64FFFEEACA4746466AF778DD75D7D5BE9139BE303C3CEC4B99CF52A6D257F3C6B4DCBCB56E73972BC9D45351BF55B5C12AC8FE9FCD8150F5257D019011C59A906A9F357FF73D7B7A9EBEE2AAFD51597C5F8B8B8B6F79CB5B06EA6CD8B0A13E987166E267F2C489273352D591AD5EA85DD370A1B658FDC21D7E6C794DF33A9B7FCC481570FFCFC840B4DC8CE62B4FBBB5DD3F9C2EEF310B257D019011C59A906A9F0BFFC8FEFD49A4AFDAFA6B9FAC48124E9C78220BD5B025D51FEBFFED7C7DCBC5DA5DD9CD0664A4060AB9FFA7FEB477D81F065EDEF7BADCF2CEEBE97CA1E18E9A7F4CF1C9497BFE0180538A35218D8E8E569B80EFEDDB9744FAAABDC92ABEAFA5A5A577BFFBDD6F7AD39B6A9DC785175E38363696F673907B951EEEF1CC56F3E655AFA9FFB7E5C2ED6EB8A6FBCA421570FF4F31579C41203CEDD67673DB81BA5713069A5E2F68BEBE9BFB95BE002882624D48B597E46FDDF5AD9E47AFA79F39585D79FD577EEDDCB9F3D24B2F7DE31BDF58FDD505175C502E97537C06FA40A5873B9085AA6B737F767975FB7BA0798186856BAB6A5E6DCB9B346C40EA4F42CBA7A5365805D9FF07D28BC1036D027CCB4D6AB56B9D55AA6F5E72A0BBD71AD27A5100005257AC09697A7ABADA73FCFDB5D7F63C7D7D6FDFBEEACA1B5EE08FDBCD2D5BB65C72C925F1F5F1BF7BF7EE4DEBE1F7874C458E96F1A9E5AF3A6F7643D06AB7E6DCA5AFA818FB7F8A03D16EF7A8DF7FD6BADBB45CA0F30B04F5AF119C38DD6B0D59D82D01202DC59A90B66EDD5A6D02366DFA60CFD3D767AFB9A6BAF2A9A9A9E6BB5E5A5A9A9D9D9D9F9F0FFFA8FB4CA587FB5146AAB6316DFAD19F2D537F65C332F5175AAEAAF9EEEA174EFD49687E4E9A47ADBFF7FF1447A1E58ED772B739ED62A7DDAF1A76E90EBFCACB6E0900E1156B425A5C5CAC361C434343870E1FE96DFABAFCF2CBAB2B8FBBCCB41F683FAB34768F65A1EAFAD7C79AB7AA764DF3020DBF6A58A661F996376CB9DA8C5401DBDC1447A1F3EED16E7F6BF963F7FB559B14B7EAE6F58746C332764B008AAC7013D2C8C848B50FD8B1E3861E46AFDA977DC54AA552DA8FB29F9DEAE14E2E65A46A1BD3BA1FAD5BA6FECA865FD52FD372550D77D7FC6FA6AA806D6E8AA3D0BC7B74B8DC61D7EABC860E8B35DF45877BB75B0240E126A49999996ADBB16EDDBA1E9EFE7ACF7BDF5B5DEDE4E464DA0FB1CF557AB8473352B58D69DEAA865F352CF072EFBBEAC7FA255BAEB9619976779DFA7392F63E125ABAE9AB9DD3E69F33485FED5E20684E5FB52BA52F00A857B809A9542AD5BE95EBB3D75CD393E875DBED77D4BA8DBEFC50814CC954D86819874E9BBE3A5FD3397D75B8322355C03637C52168B727B4DB6D9A2253EB55B5BCA6E5EED7F257CD374C7D2F2DE06E094036157142DAB66D5BB51B181C1C3CFB8F9E7F64FFFE5A9CDBBC7973DA0FAEFF55DAB81F66A46A1BD3B0552FB79B3FFB55CB259B1F4B87F5747FABD49F93B4F791D032F2FCB7DB8CDA5ED4BC777573DB6E166EB7B7B7BCC66E094091157442DAB06143B5238983531C9FCE387A1D3A7C64DDBA75B5552D2F2FA7FDC8FA5FA58DDBAF325B056C7333B24FB6DB8CDAF5F50BBC1CC93ADDB0DD6F1BAE695E55BB7BB45B02404127A4A5A5A5A1A1A15A6ABAFB9E3D6710BD0E3CFE442D7A0D0E0E2E2C2CA4FDB00AA1D2C33DA2325B056C73ED93D9AF02EE960064537127A4382CD5FEF821CE4E6BFDFEE5DB6EBFA3F686C3D8B66DDBD27E4045A1D3CD7815B0CDADEC930FAB2C5701774B00B2A9D013D2FCFC7CED0CD840E553106FBCE9E66E4E79BDFFAAAB06EA885E21E974335E056C73ED93D9AF02EE96006453D127A4C5C5C5D1D1D1FA281567B04F7DEAD3DFDBB7AF3974FDFDB5D76EDCB8B17EE138BC79C36160F1D37EF2E4432AB355C036D73E99FD2AE06E09403699904E7D06FD962D5B060707075A59BF7E7DBB5F4D4D4DF9988DF02A9DEE832AB355C036D73E99FD2AE06E09403699905E12E7A8E9E9E99629ABD9F8F8F8EEDDBBD3DEE482AA74BA8B2AB355C036D73E99FD2AE06E0940369990562997CB737373710C1B1B1B6B485C232323939393D75D779DF35DE9D2E966BC0AD8E656F6C91FA82C5701774B00B2C98444CEE874335E056C73ED93D9AF02EE9600649309899CA974BADF5799AD02B6B98383832FBC706FEACFBCEA5005DC2D01C82613123953E974F79C3CB94F65B30AD8E68E8C8C3CFAE837537FE655872AE06E0940369990C899539DEED2374F46DF53D9AC02B6B9131313FFBAF3BAD49F79D5AE7EB0F88DD1D1D1B477130038A5707D1279A7D3CD7215B3CDDDBA75EBCCCC874E460FA86CD657663F333D3D9DF66E0200A7485FE48C4E37CB55CC367769696974F4CD2F94EF3A19DDAF32589393EF9A9F9F4F7B37018053A42F7246A79BE52A6C9BBBE594CDA93FFFAAB9FEDFDCFF9E9A9A487B07018097485FE44FB5D38DA2FB54A66A6EEE7F15B6CD2D97CBE3E3EFDCBDFB9F531F05555FCBCBBB4647DF5C2ADD96F60E02002F91BEC81F9D6E064B9BBBB8B8383676D9E2E27C14ED5559A8789F8CFFA35858F852DABB0600FC8CF4452EE9743355DADCAADDBB77C7BBE5D6AD7F1845F7AA746B7EFE73A3A3230B0BFF98F64E0100AB485FE4954E3723A5CDAD572E976766A6C7C7DF313BFB3F97976F89A23D2A64954AFF3137F75753531B2727C7E3CB69EF0E00D048FA22C774BADADC6C5A5858989EFEEFC3C3FF6D80B086862E9C9ABA32DE33D3DE0500A035E98BDCD3E9A6429B0B00B056D21700004008D21700004008D21700004008D21700004008D21700004008D21700004008D21700004008D21700004008D21700004008D21700004008D21700004008D21700004008D21700004008D21700004008D21700004008D21700004008D21700004008D21700004008D21700004008D21700004008D21700004008D21700004008D21700004008D21700004008D21700004008D21700004008D21700004008D21700004008D21700004008D21700004008D21700004008D21700004008D21700004008D21700004008D21700004008D21700004008D21700004008D21700004008D21700004008D21700004008D21700004008D21700004008D21700004008D21700004008D21700004008D21700004008D21700004008D21700004008D21700004008D21700004008D21700004008D21700004008D21700004008D21700004008D21700004008D21700004008D21700004008D21700004008D21700004008D21700004008D21700004008D21700004008D21700004008D21700004008D21700004008D21700004008D21700004008D21700004008D21700004008D21700004008D21700004008D21700004008D21700004008D21700004008D21700004008D21700004008D21700004008D21700004008D21700004008D21700004008D21700004008D21700004008D21700004008D21700004008D21700004008D21700004008D21700004008D21700004008D21700004008D21700004008D21700004008D21700004008D21700004008D21700004008D21700004008D21700004008D21700004008D21700004008D21700004008D21700004008D21700004008D21700004008D21700004008D21700004008D21700004008D21700004008D21700004008D21700004008D21700004008D21700004008D21700004008D21700004008D21700004008D21700004008D21700004008D21700004008D21700004008D21700004008D21700004008D21700004008D21700004008D21700004008D21700004008D21700004008D21700004008D21700004008D21700004008D21700004008D21700004008D21700004008D21700004008D21700004008D21700004008D21700004008D21700004008D21700004008D21700004008D21700004008D21700004008D21700004008D21700004008D21700004008D21700004008D21700004008D21700004008D21700004008D21700004008D21700004008D21700004008D21700004008D21700004008D21700004008D21700004008D21700004008D21700004008D21700004008D21700004008D21700004008D21700004008D21700004008D21700004008D21700004008D21700004008D21700004008D21700004008D21700004008D21700004008D21700004008D21700004008D21700004008D21700004008D21700004008D21700004008D21700004008D21700004008D21700004008D21700004008D21700004008D21700004008D21700004008D21700004008D21700004008D21700004008D21700004008D21700004008D21700004008D21700004008D21700004008D21700004008D21700004008D21700004008D21700004008D21700004008D21700004008D21700004008D21700004008D21700004008D21700004008D21700004008D21700004008D21700004008D21700004008D21700004008D21700004008D21700004008D21700004008D21700004008D21700004008D21700004008D21700004008D21700004008D21700004008D21700004008D21700004008D21700004008D21700004008D21700004008D21700004008D21700004008D21700004008D21700004008D21700004008D21700004008D21700004008D21700004008D21700004008D21700004008D21700004008D21700004008D21700004008D21700004008D21700004008D21700004008D21700004008D21700004008D21700004008D21700004008D21700004008D21700004008D21700004008D21700004008D21700004008D21700004008D21700004008D21700004008D21700004008D21700004008D21700004008D21700004008D21700004008D21700004008D21700004008D21700004008D21700004008D21700004008D21700004008D21700004008D21700004008D21700004008D21700004008D21700004008D21700004008D21700004008D21700004008D21700004008FF3F57E08DB069744AE20000000049454E44AE426082, 0);
INSERT INTO `act_ge_bytearray` VALUES ('145012', 1, 'audit.form', '145008', 0x3C74723E20200D0A202020203C74643EE5AEA1E689B9E7BB93E69E9CEFBC9A3C2F74643E20200D0A202020203C74643E20200D0A20202020202020203C73656C6563742069643D2266705F6175646974526573756C7422206E616D653D2266705F6175646974526573756C742DE5AEA1E689B9E7BB93E69E9C2220636C6173733D226561737975692D636F6D626F626F78222072657175697265643D227472756522207374796C653D2277696474683A3230307078223E20200D0A2020202020202020202020203C6F7074696F6E3EE5908CE6848F3C2F6F7074696F6E3E20200D0A2020202020202020202020203C6F7074696F6E3EE68B92E7BB9D3C2F6F7074696F6E3E20200D0A20202020202020203C2F73656C6563743E20200D0A202020203C2F74643E20200D0A3C2F74723E, 0);
INSERT INTO `act_ge_bytearray` VALUES ('90002', 1, 'available.form', '90001', 0x3C74723E20200D0A202020203C74643EE99480E58187E697B6E997B4EFBC9A3C2F74643E20200D0A202020203C74643E20200D0A20202020202020203C696E7075742069643D2266705F617661696C61626C6554696D6522206E616D653D2266705F617661696C61626C6554696D652DE99480E58187E697B6E997B42220636C6173733D226561737975692D6461746574696D65626F78222072657175697265643D227472756522203E0D0A202020203C2F74643E20200D0A3C2F74723E0D0A, 0);
INSERT INTO `act_ge_bytearray` VALUES ('90003', 1, 'leaveProcess.bpmn', '90001', 0x3C3F786D6C2076657273696F6E3D22312E302220656E636F64696E673D225554462D38223F3E0A3C646566696E6974696F6E7320786D6C6E733D22687474703A2F2F7777772E6F6D672E6F72672F737065632F42504D4E2F32303130303532342F4D4F44454C2220786D6C6E733A7873693D22687474703A2F2F7777772E77332E6F72672F323030312F584D4C536368656D612D696E7374616E63652220786D6C6E733A61637469766974693D22687474703A2F2F61637469766974692E6F72672F62706D6E2220786D6C6E733A62706D6E64693D22687474703A2F2F7777772E6F6D672E6F72672F737065632F42504D4E2F32303130303532342F44492220786D6C6E733A6F6D6764633D22687474703A2F2F7777772E6F6D672E6F72672F737065632F44442F32303130303532342F44432220786D6C6E733A6F6D6764693D22687474703A2F2F7777772E6F6D672E6F72672F737065632F44442F32303130303532342F44492220747970654C616E67756167653D22687474703A2F2F7777772E77332E6F72672F323030312F584D4C536368656D61222065787072657373696F6E4C616E67756167653D22687474703A2F2F7777772E77332E6F72672F313939392F585061746822207461726765744E616D6573706163653D2271696E796F752074657374223E0A20203C70726F636573732069643D22656173792D6C656176652D7265717565737422206E616D653D22E7AE80E58D95E8AFB7E58187E6B581E7A88B2220697345786563757461626C653D2274727565223E0A202020203C646F63756D656E746174696F6E3EE6B58BE8AF95E7AE80E58D95E8AFB7E58187E6B581E7A88B3C2F646F63756D656E746174696F6E3E0A202020203C73746172744576656E742069643D2273746172744576656E7422206E616D653D22E58F91E8B5B7E6B581E7A88B222061637469766974693A696E69746961746F723D22696E69746961746F72223E3C2F73746172744576656E743E0A202020203C757365725461736B2069643D226872417564697422206E616D653D22E4BABAE58A9BE5AEA1E689B9222061637469766974693A63616E64696461746547726F7570733D22726F6C655F68725374616666222061637469766974693A666F726D4B65793D2261756469742E666F726D223E3C2F757365725461736B3E0A202020203C757365725461736B2069643D22676574526573756C7422206E616D653D22E794B3E8AFB7E4BABAE6B688E58187222061637469766974693A61737369676E65653D22247B696E69746961746F727D222061637469766974693A666F726D4B65793D22617661696C61626C652E666F726D223E0A2020202020203C646F63756D656E746174696F6E3EE8AFB720E4BC91E58187E5908E20E588B0E5B297E5908E20E689B9E5A48DEFBC8CE6A0B9E68DAEE5AE9EE99985E588B0E5B297E697B6E997B4E5A1ABE58699EFBC8CE99D9EE6ADA3E7A1AEE695B0E68DAE20E4B88DE4BA88E689B9E5A48DE380823C2F646F63756D656E746174696F6E3E0A202020203C2F757365725461736B3E0A202020203C656E644576656E742069643D22656E644576656E7422206E616D653D22E6B581E7A88BE7BB93E69D9F223E3C2F656E644576656E743E0A202020203C73657175656E6365466C6F772069643D22666C6F77312220736F757263655265663D2273746172744576656E7422207461726765745265663D2268724175646974223E3C2F73657175656E6365466C6F773E0A202020203C6578636C7573697665476174657761792069643D226578636C7573697665676174657761793122206E616D653D22E4BABAE58A9BE5AEA1E689B9E7BB93E69E9CE588A4E696AD223E3C2F6578636C7573697665476174657761793E0A202020203C757365725461736B2069643D2261646A757374466F726D22206E616D653D22E8B083E695B4E794B3E8AFB7222061637469766974693A61737369676E65653D22247B696E69746961746F727D223E0A2020202020203C646F63756D656E746174696F6E3EE8AFB720E6A0B9E68DAEE4B88AE4B8AA20E689B9E5A48DE8B083E695B420E8AFB7E58187E58D953C2F646F63756D656E746174696F6E3E0A202020203C2F757365725461736B3E0A202020203C73657175656E6365466C6F772069643D22666C6F77342220736F757263655265663D226872417564697422207461726765745265663D226578636C75736976656761746577617931223E3C2F73657175656E6365466C6F773E0A202020203C73657175656E6365466C6F772069643D22687252656A65637422206E616D653D22E68B92E7BB9D2220736F757263655265663D226578636C7573697665676174657761793122207461726765745265663D2261646A757374466F726D223E0A2020202020203C636F6E646974696F6E45787072657373696F6E207873693A747970653D2274466F726D616C45787072657373696F6E223E3C215B43444154415B247B66705F6175646974526573756C743D3D27E68B92E7BB9D277D5D5D3E3C2F636F6E646974696F6E45787072657373696F6E3E0A202020203C2F73657175656E6365466C6F773E0A202020203C73657175656E6365466C6F772069643D22666C6F77372220736F757263655265663D2261646A757374466F726D22207461726765745265663D2268724175646974223E3C2F73657175656E6365466C6F773E0A202020203C757365725461736B2069643D2266696E616E6365417564697422206E616D653D22E8B4A2E58AA1E5AEA1E689B9222061637469766974693A63616E64696461746547726F7570733D22726F6C655F66696E616E6365222061637469766974693A666F726D4B65793D2261756469742E666F726D223E0A2020202020203C646F63756D656E746174696F6E3EE6A0B9E68DAEE8AFB7E58187E58685E5AEB9E5819AE5A5BD20E5B7A5E8B584E8AEA1E7AE973C2F646F63756D656E746174696F6E3E0A202020203C2F757365725461736B3E0A202020203C73657175656E6365466C6F772069643D22666C6F773822206E616D653D22E5908CE6848F2220736F757263655265663D226578636C7573697665676174657761793122207461726765745265663D2266696E616E63654175646974223E0A2020202020203C636F6E646974696F6E45787072657373696F6E207873693A747970653D2274466F726D616C45787072657373696F6E223E3C215B43444154415B247B66705F6175646974526573756C743D3D27E5908CE6848F277D5D5D3E3C2F636F6E646974696F6E45787072657373696F6E3E0A202020203C2F73657175656E6365466C6F773E0A202020203C6578636C7573697665476174657761792069643D226578636C7573697665676174657761793222206E616D653D22E8B4A2E58AA1E5AEA1E689B9E7BB93E69E9CE588A4E696AD223E3C2F6578636C7573697665476174657761793E0A202020203C73657175656E6365466C6F772069643D22666C6F77392220736F757263655265663D2266696E616E6365417564697422207461726765745265663D226578636C75736976656761746577617932223E3C2F73657175656E6365466C6F773E0A202020203C73657175656E6365466C6F772069643D2266696E616E6365417070726F766522206E616D653D22E5908CE6848F2220736F757263655265663D226578636C7573697665676174657761793222207461726765745265663D22676574526573756C74223E0A2020202020203C636F6E646974696F6E45787072657373696F6E207873693A747970653D2274466F726D616C45787072657373696F6E223E3C215B43444154415B247B66705F6175646974526573756C743D3D27E5908CE6848F277D5D5D3E3C2F636F6E646974696F6E45787072657373696F6E3E0A202020203C2F73657175656E6365466C6F773E0A202020203C73657175656E6365466C6F772069643D2266696E616E636552656A65637422206E616D653D22E68B92E7BB9D2220736F757263655265663D226578636C7573697665676174657761793222207461726765745265663D2261646A757374466F726D223E0A2020202020203C636F6E646974696F6E45787072657373696F6E207873693A747970653D2274466F726D616C45787072657373696F6E223E3C215B43444154415B247B66705F6175646974526573756C743D3D27E68B92E7BB9D277D5D5D3E3C2F636F6E646974696F6E45787072657373696F6E3E0A202020203C2F73657175656E6365466C6F773E0A202020203C757365725461736B2069643D2268724C6F6F6B22206E616D653D22E99480E58187E7A1AEE8AEA4222061637469766974693A63616E64696461746547726F7570733D22726F6C655F68725374616666223E0A2020202020203C646F63756D656E746174696F6E3EE59198E5B7A5E588B0E5B297E99C80E8A68120E4BAB2E887AAE7A1AEE8AEA4EFBC8CE4B88DE58FAFE99A8FE69CBAE5AEA1E689B93C2F646F63756D656E746174696F6E3E0A202020203C2F757365725461736B3E0A202020203C73657175656E6365466C6F772069643D22666C6F7731302220736F757263655265663D22676574526573756C7422207461726765745265663D2268724C6F6F6B223E3C2F73657175656E6365466C6F773E0A202020203C73657175656E6365466C6F772069643D22666C6F7731312220736F757263655265663D2268724C6F6F6B22207461726765745265663D22656E644576656E74223E3C2F73657175656E6365466C6F773E0A20203C2F70726F636573733E0A20203C62706D6E64693A42504D4E4469616772616D2069643D2242504D4E4469616772616D5F656173792D6C656176652D72657175657374223E0A202020203C62706D6E64693A42504D4E506C616E652062706D6E456C656D656E743D22656173792D6C656176652D72657175657374222069643D2242504D4E506C616E655F656173792D6C656176652D72657175657374223E0A2020202020203C62706D6E64693A42504D4E53686170652062706D6E456C656D656E743D2273746172744576656E74222069643D2242504D4E53686170655F73746172744576656E74223E0A20202020202020203C6F6D6764633A426F756E6473206865696768743D2233352E30222077696474683D2233352E302220783D2236372E302220793D2234302E30223E3C2F6F6D6764633A426F756E64733E0A2020202020203C2F62706D6E64693A42504D4E53686170653E0A2020202020203C62706D6E64693A42504D4E53686170652062706D6E456C656D656E743D2268724175646974222069643D2242504D4E53686170655F68724175646974223E0A20202020202020203C6F6D6764633A426F756E6473206865696768743D2235352E30222077696474683D223132342E302220783D223134312E302220793D2233312E30223E3C2F6F6D6764633A426F756E64733E0A2020202020203C2F62706D6E64693A42504D4E53686170653E0A2020202020203C62706D6E64693A42504D4E53686170652062706D6E456C656D656E743D22676574526573756C74222069643D2242504D4E53686170655F676574526573756C74223E0A20202020202020203C6F6D6764633A426F756E6473206865696768743D2235382E30222077696474683D223134312E302220783D223435302E302220793D223237342E30223E3C2F6F6D6764633A426F756E64733E0A2020202020203C2F62706D6E64693A42504D4E53686170653E0A2020202020203C62706D6E64693A42504D4E53686170652062706D6E456C656D656E743D22656E644576656E74222069643D2242504D4E53686170655F656E644576656E74223E0A20202020202020203C6F6D6764633A426F756E6473206865696768743D2233352E30222077696474683D2233352E302220783D2237392E302220793D223238352E30223E3C2F6F6D6764633A426F756E64733E0A2020202020203C2F62706D6E64693A42504D4E53686170653E0A2020202020203C62706D6E64693A42504D4E53686170652062706D6E456C656D656E743D226578636C75736976656761746577617931222069643D2242504D4E53686170655F6578636C75736976656761746577617931223E0A20202020202020203C6F6D6764633A426F756E6473206865696768743D2234302E30222077696474683D2234302E302220783D223333322E302220793D2233382E30223E3C2F6F6D6764633A426F756E64733E0A2020202020203C2F62706D6E64693A42504D4E53686170653E0A2020202020203C62706D6E64693A42504D4E53686170652062706D6E456C656D656E743D2261646A757374466F726D222069643D2242504D4E53686170655F61646A757374466F726D223E0A20202020202020203C6F6D6764633A426F756E6473206865696768743D2235352E30222077696474683D223130352E302220783D223135302E302220793D223132342E30223E3C2F6F6D6764633A426F756E64733E0A2020202020203C2F62706D6E64693A42504D4E53686170653E0A2020202020203C62706D6E64693A42504D4E53686170652062706D6E456C656D656E743D2266696E616E63654175646974222069643D2242504D4E53686170655F66696E616E63654175646974223E0A20202020202020203C6F6D6764633A426F756E6473206865696768743D2235382E30222077696474683D223137312E302220783D223433352E302220793D2233302E30223E3C2F6F6D6764633A426F756E64733E0A2020202020203C2F62706D6E64693A42504D4E53686170653E0A2020202020203C62706D6E64693A42504D4E53686170652062706D6E456C656D656E743D226578636C75736976656761746577617932222069643D2242504D4E53686170655F6578636C75736976656761746577617932223E0A20202020202020203C6F6D6764633A426F756E6473206865696768743D2234302E30222077696474683D2234302E302220783D223530302E302220793D223139332E30223E3C2F6F6D6764633A426F756E64733E0A2020202020203C2F62706D6E64693A42504D4E53686170653E0A2020202020203C62706D6E64693A42504D4E53686170652062706D6E456C656D656E743D2268724C6F6F6B222069643D2242504D4E53686170655F68724C6F6F6B223E0A20202020202020203C6F6D6764633A426F756E6473206865696768743D2236312E30222077696474683D223134302E302220783D223233302E302220793D223237322E30223E3C2F6F6D6764633A426F756E64733E0A2020202020203C2F62706D6E64693A42504D4E53686170653E0A2020202020203C62706D6E64693A42504D4E456467652062706D6E456C656D656E743D22666C6F7731222069643D2242504D4E456467655F666C6F7731223E0A20202020202020203C6F6D6764693A776179706F696E7420783D223130322E302220793D2235372E30223E3C2F6F6D6764693A776179706F696E743E0A20202020202020203C6F6D6764693A776179706F696E7420783D223134312E302220793D2235382E30223E3C2F6F6D6764693A776179706F696E743E0A2020202020203C2F62706D6E64693A42504D4E456467653E0A2020202020203C62706D6E64693A42504D4E456467652062706D6E456C656D656E743D22666C6F7734222069643D2242504D4E456467655F666C6F7734223E0A20202020202020203C6F6D6764693A776179706F696E7420783D223236352E302220793D2235382E30223E3C2F6F6D6764693A776179706F696E743E0A20202020202020203C6F6D6764693A776179706F696E7420783D223333322E302220793D2235382E30223E3C2F6F6D6764693A776179706F696E743E0A2020202020203C2F62706D6E64693A42504D4E456467653E0A2020202020203C62706D6E64693A42504D4E456467652062706D6E456C656D656E743D22687252656A656374222069643D2242504D4E456467655F687252656A656374223E0A20202020202020203C6F6D6764693A776179706F696E7420783D223335322E302220793D2237382E30223E3C2F6F6D6764693A776179706F696E743E0A20202020202020203C6F6D6764693A776179706F696E7420783D223335312E302220793D223135312E30223E3C2F6F6D6764693A776179706F696E743E0A20202020202020203C6F6D6764693A776179706F696E7420783D223235352E302220793D223135312E30223E3C2F6F6D6764693A776179706F696E743E0A20202020202020203C62706D6E64693A42504D4E4C6162656C3E0A202020202020202020203C6F6D6764633A426F756E6473206865696768743D2231342E30222077696474683D2232342E302220783D223335392E302220793D223131312E30223E3C2F6F6D6764633A426F756E64733E0A20202020202020203C2F62706D6E64693A42504D4E4C6162656C3E0A2020202020203C2F62706D6E64693A42504D4E456467653E0A2020202020203C62706D6E64693A42504D4E456467652062706D6E456C656D656E743D22666C6F7737222069643D2242504D4E456467655F666C6F7737223E0A20202020202020203C6F6D6764693A776179706F696E7420783D223230322E302220793D223132342E30223E3C2F6F6D6764693A776179706F696E743E0A20202020202020203C6F6D6764693A776179706F696E7420783D223230332E302220793D2238362E30223E3C2F6F6D6764693A776179706F696E743E0A2020202020203C2F62706D6E64693A42504D4E456467653E0A2020202020203C62706D6E64693A42504D4E456467652062706D6E456C656D656E743D22666C6F7738222069643D2242504D4E456467655F666C6F7738223E0A20202020202020203C6F6D6764693A776179706F696E7420783D223337322E302220793D2235382E30223E3C2F6F6D6764693A776179706F696E743E0A20202020202020203C6F6D6764693A776179706F696E7420783D223433352E302220793D2235392E30223E3C2F6F6D6764693A776179706F696E743E0A20202020202020203C62706D6E64693A42504D4E4C6162656C3E0A202020202020202020203C6F6D6764633A426F756E6473206865696768743D2231342E30222077696474683D2232342E302220783D223338322E302220793D2235382E30223E3C2F6F6D6764633A426F756E64733E0A20202020202020203C2F62706D6E64693A42504D4E4C6162656C3E0A2020202020203C2F62706D6E64693A42504D4E456467653E0A2020202020203C62706D6E64693A42504D4E456467652062706D6E456C656D656E743D22666C6F7739222069643D2242504D4E456467655F666C6F7739223E0A20202020202020203C6F6D6764693A776179706F696E7420783D223532302E302220793D2238382E30223E3C2F6F6D6764693A776179706F696E743E0A20202020202020203C6F6D6764693A776179706F696E7420783D223532302E302220793D223139332E30223E3C2F6F6D6764693A776179706F696E743E0A2020202020203C2F62706D6E64693A42504D4E456467653E0A2020202020203C62706D6E64693A42504D4E456467652062706D6E456C656D656E743D2266696E616E6365417070726F7665222069643D2242504D4E456467655F66696E616E6365417070726F7665223E0A20202020202020203C6F6D6764693A776179706F696E7420783D223532302E302220793D223233332E30223E3C2F6F6D6764693A776179706F696E743E0A20202020202020203C6F6D6764693A776179706F696E7420783D223532302E302220793D223237342E30223E3C2F6F6D6764693A776179706F696E743E0A20202020202020203C62706D6E64693A42504D4E4C6162656C3E0A202020202020202020203C6F6D6764633A426F756E6473206865696768743D2231342E30222077696474683D2232342E302220783D223532392E302220793D223233382E30223E3C2F6F6D6764633A426F756E64733E0A20202020202020203C2F62706D6E64693A42504D4E4C6162656C3E0A2020202020203C2F62706D6E64693A42504D4E456467653E0A2020202020203C62706D6E64693A42504D4E456467652062706D6E456C656D656E743D2266696E616E636552656A656374222069643D2242504D4E456467655F66696E616E636552656A656374223E0A20202020202020203C6F6D6764693A776179706F696E7420783D223530302E302220793D223231332E30223E3C2F6F6D6764693A776179706F696E743E0A20202020202020203C6F6D6764693A776179706F696E7420783D223139322E302220793D223231342E30223E3C2F6F6D6764693A776179706F696E743E0A20202020202020203C6F6D6764693A776179706F696E7420783D223230322E302220793D223137392E30223E3C2F6F6D6764693A776179706F696E743E0A20202020202020203C62706D6E64693A42504D4E4C6162656C3E0A202020202020202020203C6F6D6764633A426F756E6473206865696768743D2231342E30222077696474683D2232342E302220783D223332392E302220793D223232312E30223E3C2F6F6D6764633A426F756E64733E0A20202020202020203C2F62706D6E64693A42504D4E4C6162656C3E0A2020202020203C2F62706D6E64693A42504D4E456467653E0A2020202020203C62706D6E64693A42504D4E456467652062706D6E456C656D656E743D22666C6F773130222069643D2242504D4E456467655F666C6F773130223E0A20202020202020203C6F6D6764693A776179706F696E7420783D223435302E302220793D223330332E30223E3C2F6F6D6764693A776179706F696E743E0A20202020202020203C6F6D6764693A776179706F696E7420783D223337302E302220793D223330322E30223E3C2F6F6D6764693A776179706F696E743E0A2020202020203C2F62706D6E64693A42504D4E456467653E0A2020202020203C62706D6E64693A42504D4E456467652062706D6E456C656D656E743D22666C6F773131222069643D2242504D4E456467655F666C6F773131223E0A20202020202020203C6F6D6764693A776179706F696E7420783D223233302E302220793D223330322E30223E3C2F6F6D6764693A776179706F696E743E0A20202020202020203C6F6D6764693A776179706F696E7420783D223131342E302220793D223330322E30223E3C2F6F6D6764693A776179706F696E743E0A2020202020203C2F62706D6E64693A42504D4E456467653E0A202020203C2F62706D6E64693A42504D4E506C616E653E0A20203C2F62706D6E64693A42504D4E4469616772616D3E0A3C2F646566696E6974696F6E733E, 0);
INSERT INTO `act_ge_bytearray` VALUES ('90004', 1, 'leaveProcess.png', '90001', 0x89504E470D0A1A0A0000000D494844520000047F0000025608020000004E3ABC1100003B6649444154789CEDDD6F705C777D2F7E85844430A4A8BD94280C24823E884A0BD61466EC478D02D3589DE905B56588CA03A3B94CC10C2DCDB4FD51D10EF84E21F5BDD352D34B33A105A36927F7AAC3386820495D12531592E0E68FE32418943F260A4E8248E2B0A9ED6463CBF6F91DEF26CB6AFF7965EFF99E73F6BC5EF319CF6A75F6ECD9FD9EE3EFE7BD67B53B1001000090BC81B437000000A010A42F00008010A42F00008010A42F00008010A42F00008010A42F00008010A42F00008010A42F00008010A42F00008010A42F00008010A42F00008010A42F00008010A42F00008010A42F00008010A42F00008010A42F00008010A42F00008010A42F00008010A42F00008010A42F00008010A42F00008010A42F00008010A42F00008010A42F00008010A42F00008010A42F00008010A42F00008010A42F00008010A42F00008010A42F80D32B97CB737373535353E3E3E323232303E4593C82F1384E4E4ECECECE964AA5B4772E000A44FACA2BBDE059D27ED1BD9D3B77C63B4C7CB85D7FFDF5B7EEDAF5C8FEFDC75656547E2B1EC1781C77ECD8B169D3A67864E3FF04D2DEC500280AE92B97F482DA2FC28893F9F4F4F4C68D1B0F3C7EE0D8CA31D57FF5F4334FC7FF09C443BCBCBC9CF6EE0640FF93BE72462FA8FD2298F8701B1B1BFBF2F62F1D5B39AAFABB6EBCE9C6F5EBD72F2D2DA5BDD301D0E7A4AF3CD10B6ABF08697A7ABA72B8BDA88A50B7EEBAE5F2CB7F3DED9D0E803E277DE5895E50FB45303B77EEDCB8F1CA95E365559CFAC49FFDE935D77C26ED5D0F807E267DE5865E50FB4530E572796464E4F1271E4B7D875421EBF091D2BA756F5F5C5C4C7B0704A06F495FF9F0722FB8B472FC0595681D3EF253ED17B3B3B3D3D3D3F53BC61513BFD5E5C769A6BE0FABB3A96BAEF9CB999999B4774000FA96F4950F2FF782CFD76A2DBDE0F36A4DA5FD62727272C70DFFF2B3C3EDCA8D3F8EA2C74E440FAF44DF3F1ADD7734BAFBF0F16D377CEB9B4F3C77E7B1E83FCBD19DE5E8B6E7A35B5E8CFEEEB6073EBCF923A9EFC3EA8CEB9E3DBBC7C6C6D2DE0101E85BD2573E547AC1B995E347AAB5F65EF088EABEEED9F35DED57F4F2076C16F3CBD0464747F7EDBBB7B64B0C0C0C1C8EA22327A3E78E47CF1E8B9E8FA23FFEF34F0FBCE2351BAE9C7C62253A70343AF062B4548E1E391E7DF5BBF7555EF2487F37566756878F1C1C1C1C4C7B0704A06F152B7D95CBE5F9F9F92D5BB6C46166FC65131313F13573737359EE32F582DAAFC0E2C3E1F2CB2FFFF2F6EDF13192E5432321434343CF1C7C62E5F8E16AC507D1F327A2A3274EFDEAF8C953FF7EE3E67F7BC32FFDEA5F7CF66F8E47D1A1E3D1732BD1B32B51FC34DD72D7FD9523EEB0CA6FC52398EEEE07401F2BCA1C1387AE3865C52D759CBBE2ACB563C70DB7EEFA56B56EBCE9E64F7DEAD353535371BFB561C3866C7EEBAE5E50FB1552357ADD7DCF9E632BC7E37F0B18C02A47CDA15AC53F1E391E1D7C213A76E2A505E227E46FBFF0C5CFFCF5170E3C79EA3BE2564E46C72A47E21DF7DCD7705B95BB2AF8E10F40A2FA7F8ED9BB776FDC3BC6A12B4E59712BD9B96EBBFD8E4D9B3E383636B6B0B090F686AFA217D47E05531FBDAA55C00056396AFEAB56A78EB813D1D3CF473F391CAD44D1B1A347472FBB6C60E0DC8181C1F7FDDEA6FA1BDEBDE7DE86DBAADC55910F7F0092D6E773CCD6AD5BE32875EBAE6F9D3677D557DC6BC6DDE7E6CD9BCBE572DA8FE0257A41ED5718CDD1AB9801ACF9887BFEC4A9D73B9E3C143DF56274F7BE1F5E74D145E79E77FEAB5EFBBAA90FAC3AE2EEBA678F232EEF55D8C31F8000FA768E8983D3D4D4D4CCCCCC9A72577DFDFDB5D7C6EDE6F2F272DA0FE5944A3FF75CADD6DE0B3EA7D654C56CBFDA45AF0206B0E623EE8593D1B3E553AF773CFD62B4EBAEC5B7AD7BC7EB7EF1F5AF1DFAF92FFED3575F8CA2C347A3E78F9EBAE16DBBEF72C4E5BD8A79F80310467FCE3171F4DAB061C3DCDCDC1947AFDA1B11E3F52C2D2DA5FD80AABD60A9566BEF054B6A4D55C0F6AB73F42A5A006B3EE2E22BE383EEB995E8A7C7A2270FADDCF1C0D2BA5F7BE715BFF19B4F1D8D7E528E9E2A47078F46F13177DB9D8EB8DC57010F7F0082E9CF39666A6AEAECA357ADDD8C0358EA6F418CBB81E3C77F5AABB5F682F5B755DD54D1DAAF6EA257A10258C351337EC5E5F7FFE0E1BB1F58DCBD77F1F63D8BB7DFFBD01DF7EFFFF73BBFFFDD071EFDF69E87BEB3E7C1DBEF7D70F77D0F3DF0F08FAEFD87EDEFBFEAFDA9EFC0EA6CAA68873F0021F5E11CB375EBD6B379C36173EDD871C3E4E464BA0FAAD20B3E5BABB5F782CFAA3555A1DAAFEEA357710258C31117D7C73EF6916EBEDCFC77DFF7BED4F75E759655A8C31F80C0FA6D8ED9BB77EFD8D8580FA357B53EFCE18F5C77DD75293EAE4A2F78B0BED6D20B1E546BADE2B45F6B8D5E050960CD479C2A4E15E7F00720BC7E9B63E2E8B5D63EB29B3AF0F813975E3A92E2FB0FF582DAAF249C59F42A420073C415B90A72F803908ABE9A63E6E7E72727277B1EBDAAF5F18FFFD1B66DDBD27A68A77AC113CFA8605584F6AB397ADD78D3CD975D36FAC8FEFD2D0F81A79F39B86EDDBA2F6FDF5E8400E6882B7215E1F007202D7D35C7C48DE05ABFDA6B4DA7BF868787D37A68955EF06915ACFABEFD6A19BD060707E3077EE9A523CD01AC1ABDAA6F672D420073C415B9FAFEF0072045FD33C7C4FDDFD0D05042D1AB5AEBD7AFDFBD7B772A8FAED20B3EA582557FB75F1DA257554300AB8F5E0509608EB822577F1FFE00A4AB7FE698D9D9D9E9E9E944D3D767AFB966666626B987303737D7EEBBC52ABDE04F54B0EAE3F6AB397A1D3A7C647878B8E1F35A6A01AC397AC5E2A876E0F127FA388039E28A5C7D7CF80390BAFE9963366FDE7CDD75D7259ABE6EDDF5ADB8C54C68FB1F7AE8A16A5F7BE18517EED8B1A3E1B7955E705905AB3CB65F1DD27B4DBB8FD988AF191A1A6A0E607BEEBDB765F4BAF1A69B9BD790BB0076BAD73BD2DF0F552A95C7C31F80BCE89F39666262A2B923EC6D3DB27F7FDC8F26B4FDE572F915AF7845B5BB7DE52B5FF92BBFF22BF57D61A517FCB10A56B96BBF3AA7F7AACE9F70D832809D7FFEF9DD44AF3C0630AF77A87695BBC31F801CE99F3926A1CF9AAFAF43878FC4AD67720FA1E1DD5FAF7AD5AB3EF4A10F553FE63EFEF1C4892753ACD36E40975BD86EB1DAF5CD17D27ABCC90D74123AA7F7A8BB0F976F19C0BA8C5EB90B605EEF50ED2A77873F0039D23F734C1C5DEAFF1025A1EAD09826EDC4892752ACD36E40BB05BA7C5C1D2EA4F578D3DEA3D7AC437AEFFE7BBD3A04B0D346AFDC05B02CBFDE91C40B0A5DBE14D2CD6D1BAE6FBE90EBCAE3E10F405EF4CF1C333A3AFABD7DFB02A4AFE41EC26B5FFBDA5A2338591177B18B8B8BD14BBD605ED35737B7CA5A0C8BEF347EF24F1B1DF3228E5EDD7F19C3BF2FFCC7B9E79EDBB08673CE3967FBF6AF74B986EA5F48E6FD094CF7883BE3FDB6DD4368FEB1C343EEF2C9E97021D735207D019098FE996312FDB2AF6A25FA775FA552A9DAD6C431F2F77FFFF7E37FE7E6E66ABFADF4348FA7582D37E074FDD99AD753BF40F385C08F37A1814E4E87F4BE77EFDE38803DFDCCC1D3EEE42D3FE1B0AAE5F780B55C437CBFF13D26F1187B3B2EA77BBD23CD23EEEC8FD38687D0FCAB2E17EE702FDD5CC863E5F1F007202FFA678E999E9EAEFF0EA224EAB6DBEF58BF7E7D42DBFFD8638F0D0E0E4E4C4C8C8C8CCCCCCC34BC71ABD2CA1C48B14EBB010D0BD4FFD831A1352EDFF0DBB41E78EEDAAFCEE93DEA2E8075885E5D06B0B546AF0EF7551B82D32E90C43396FA117736C769C3BF2D8FB886C3AD9BD576B8ED40DDF1DBE12679A9DC1DFE00E448FFCC31DBB66DFBF8C7FF28D1F415A7BB4D9B3E98DC43989F9F9F9D9D6DF911D89556E6476955F5DE3B6F43C36FEB7F5CD3E5FA0B293EEADCB55F9DD37B55E700D6327A9D73CE390DD77408606770D6ABC3F3DCF0ABFA1F7B323A5DBCDE91DA117736FBED8936076CF38F0D0760CB055A6A79D8D6FF36A7CF5EFDE33AFB1D0C005AEA9F39260E2D71179568FADAB871E3CE9D3B537974956EE6B1B4AA7AEF9DB7A1E1B7F53F766CE3562D537FC3D41F722A037D363AA4F79A7601ACDD572AFFDDFFF942CBEF016B0E6067F686C3EAF3DCBC6374F855F392672CB3AF779C4D6C38D12A7DBD7C7CB5B8DC70F396BF3AEDE5962BCF6FE5F1F007202FFA6A8E49F483370E1D3E12B7A1D5CF430BEF544373722995AABFEB769BD17C7DBB5BB5BCFC52C7D674655A0FB97AEFA90C7400CD01AC5DF4AA7EC261BB2F62AE0F6067FCB75E1D9EE7818E27BB921EA08154C37F4F5E281968F5EA46E7174D1A7ED54E665F34E9E1D398E8DE054091F5D51C93E89B0FFFE6739F8B579ED643AB44914753A9FABB6EB719CDD737DCAA6D1BD7B47CF385B41E755A631D407300DBB4E9832DA357B59A03D8C68D1B0F1D3E7296D12BEAE2DC576DB196CB246720D5F07F36AF1A34FCDBFC63EDF58E56C7E31A5E40A9BF49F3855C577F1FFE00A4ABAFE69872B93C323292C4B77EC58DE6A5978E2C2F2FA7F5D02A3DCD0FC357F3FD76734DC3956BBA5CBDF07263D776FD011E785A631D468700D6F27BBDEA0358AFA2575497BE3A5FD93C1C41D2576AE1FF2C5F2B69FEF7B42F91B4FCB17D48CBE88B263D7C1A13DDBB0028B27E9B63E6E6E6DE7FD5557D76E22B7AA917DC1FB8DADD69FDF5DD2CB3A6EB5F6EEF565D93CA634F71B8C36819C03A7CA5723580F5307A456B495FCDCEF84EBBDCB0545EEFE8D56B079D5FEC68794D871FF3F2A2490F9FC044F72E008AAC0FE798F7BCF7BD3B76DCD0C3E8F5BD7DFBD6AD5B17779C293EA8F009A4F33D3604A4FAEB6BF1A9FBD5D6DFA421DA755E9BF475969A03581CB13A1F0B3D8C5E51D7EF3C6C583E8054F6BA5EEDBAED8ECDCE47E25A0FDB13D97BD1A487CF6198DD0C8002EAC339A6542AAD5FBFBE571FBF51FD408247F6EF4FF741555A994754B02A4EFBD5FD1731371C173DF94AE50ECF73ED570D61ACF94212721A1EDA9D976E7815A3398975F36A4BF395597BD1A4874F6372BB160005D79F73CCE2E2621CC03A7F2D6C972DE67BDEFBDE1B6FBA39ED0754ED051F56C1AA50EDD75A0358AFA2577446E9ABC3953DE4F58E2257A10E7F0002EBDB39266E0DD7AD5B77DBED779CCD1B0EE3089785E815557AC193271F52C1AA68ED57F701AC87D12B6AFFF6C296EF3FECF2DD89BDDAB0D45F02506955D10E7F0042EAE739A6542AC50DE5A73EF5E9B5BEABEAD0E1237FF3B9CF55DFBE98F6837849257D3DA8825501DBAF6E02586FA3579679BDA3C855C0C31F8060FA7C8E2997CB71FABAECB2D1384DD53E2DA0737D79FBF678F98F7FFC8FE24633EDCDFF994A2FB8A8825531DBAFCE01AC38D12BF27A47B1AB98873F006114628E595E5EBEFAEAAB878686DEF3DEF7C6E1AAF953DDE26BAEBFFEFFBEFFAAABE265366DFAE0D2D252DA9BDCA8D20BFE4005ABC2B65FED0258A1A257E4F58E6257610F7F000228D01C532E97E7E7E7A7A7A7D7AD5BD7F00724F13571F49A9B9B2B954A696F666B955EF0FB2A5815B9FD6A0E60458B5E91F455EC2AF2E10F40D2CC31F9303838F8C20B7B4E9EDCA7C254C1DBAFFA0056C0E81539DB5CEC2AF8E10F40A2CC31F9303232F2E8A3DF4C3D9314A7B45FD500F6C8FEFD058C5E91B3CDC52E873F00C931C7E4C3C4C4C4BFEEBCEE64F43D15A07EB0F88DD1D1D1B4C73C7DEF79CF7BE2D85FC0E81539DB5CEC92BE00488E39261FB66EDD3A33F3A193D1032A407D65F633D3D3D3698F79FA8ADC839E3ADBBCF4CDD45F0850A95491F77C0092668EC987A5A5A5D1D137BF50BEEB6474BF4ABA2627DF353F3F9FF698A7AFC83DE8CB679BD37F2D4005AE1F2C7EDDA96F009253DCEE2A77B69CB2398AEE5389D6DCDCFF9A9A9A487BB433A1C8E9AB72B6F97FA4FE42800A5F5F99FD4BA7BE01484E71BBABDC2997CBE3E3EFDCBDFB9FA368AF4AA89697778D8E8E944ADF497BB433A1C8E9CBD9E6C29653DF0024AAB8DD551E2D2E2E8E8D5DB6B8F8B528BA57F5BC96976F8DF3EDC2C23FA63DCE5951E4F41539DB5CC872EA1B80A415BABBCAA3DDBB77C7016CEBD63F8CA23DAA87353FFFB9D1D111D1AB5EC1D397B3CD452BA7BE0108A0D0DD554EC54DE1CCCCF4F8F83B6667B72C2F7F338AEE51675CA5D2C2DCDC5F4D4D5D3939391E5F4E7B6CB3A5E0E92B72B6B948E5D437006114BDBBCAAF858585E9E9E9E1E1E101CEC2D0D0D0D4D4D4DCDC5CDAE3994503854F5F91B3CDC528A7BE0108467745827C7458AE495F55CE36F76B39F50D4078BA2B9272E79D77C6ED7BA9544A7B433843D2573D679BFB8F53DF0084A7BB2229975C7249DCDFFCC11FFC41DA1BC2191A90BE8ACA596B004888EE8A447CFEF39FAFBEBA7CF1C517EFDDBB37EDCDE14C485F8565E8012021A6587AAF542A0D0E0E56D3D7F9E79FFF8E77BC23ED2DE24C68C10BCBD00340424CB1F4DEE4E464FD1F575C72C925B3B3B3696F146BA6052F2C430F000931C5D263A552A9F9AFDBDFF8C63796CBE5B4378DB5D1821796A10780849862E9B12F7DE94BD5C4F5B6B7BDAD96BEDEFAD6B72E2C2CA4BD69AC8D16BCB00C3D0024C4144B8F7DE73BDF79CD6B5E33323232343414F770C315AF7FFDEBA5AFDCD1821796A10780849862E9BDBD7BF72E2D2D452FF770F1651F7B98475AF0C232F4009010532C09D2C3E59AE12B2C430F000931C592203D5CAE19BEC232F4009010532C09D2C3E59AE12B2C430F000931C592203D5CAE19BEC232F4009010532C09D2C3E59AE12B2C430F000931C592203D5CAE19BEC232F4009010532C09D2C3E59AE12B2C430F000931C592203D5CAE19BEC232F4009010532C09D2C3E59AE12B2C430F000931C592203D5CAE19BEC232F4009010532C09D2C3E59AE12B2C430F000931C592203D5CAE19BEC232F4009010532C09D2C3E59AE12B2C430F000931C592203D5CAE19BEC232F4009010532C09D2C3E59AE12B2C430F000931C592203D5CAE19BEC232F4009010532C09D2C3E59AE12B2C430F000931C592203D5CAE7518BE6E46B67E197B42BE182F004888299604E9E172AD9BF435D0A4E5CD5B2E40661926004888299604E9E172ADCBF475DADB3A09963B86090012628A25417AB85C6B397C0D67B1DA2D53BF70E7159241460A0012628A25417AB85C3BE3771E36BCC9B0C3BB13C9266304000931C592203D5CAE9DC13B0F5B9EE96A384B66AFC83E6304000931C592203D5CAE754E5F2DDF79D83262495FB9638C002021A65812A487CBB5CE7FF7D5729986771E36FFE89D87B9608C002021A65812A487CBB533FEBBAFEED743361932004888299604E9E172ED0CFEEEAB6199CEEF4E24B38C110024C4144B82F470B976C6E9ABE12498F4953BC6080012628AED43E572796E6E6E6A6A6A7C7C7C6464A4F9BD6105113FF6F819989C9C9C9D9D2D954A690F4BFE0CB4FF26E581B5BCF3B079B1A4B6981E3146009010536CBFD9B973679C3AE2E875FDF5D7DFBA6BD723FBF71F5B592966C58F3D7E0676ECD8B169D3A6F839893358DA8393335AF0C232F4009010536CFF28954AD3D3D31B376E3CF0F881632BC7547D3DFDCCD371068B9F9CE5E5E5B4072A37B4E08565E8012021A6D83E1147AFB1B1B12F6FFFD2B195A3AA5DDD78D38DEBD7AF5F5A5A4A7BB8F2410B5E58861E0012628AED13D3D3D395E8F5A2EA5CB7EEBAE5F2CB7F3DEDE1CA072D7861197A00488829B61FECDCB973E3C62B578E975537F5893FFBD36BAEF94CDA8396035AF0C232F4009010536CEE95CBE5919191C79F585A39FE82EAA60E1FF9E9BA756F5F5C5C4C7BE8B24E0B5E58861E0012628ACDBDD9D9D9E9E9E995E3CFD7EA8A89DFEAF233D9EB6F55A8BAE69ABF9C9999497BE8B24E0B5E58861E0012628ACDBDC9C9C91D37FCCBCFA2D7951B7F1C458F9D881E5E89BE7F34BAEF6874F7E1E3DB6EF8D6379F78EECE63D17F96A33BCBD16DCF47B7BC18FDDD6D0F7C78F347520F42A9D43D7B768F8D8DA53D7459A7052F2C430F000931C5E6DEE8E8E8BE7DF7AE1C3F52ADB86D3A1C45474E46CF1D8F9E3D163D1F457FFCE79F1E78C56B365C39F9C44A74E06874E0C568A91C3D723CFAEA77EFAB9CFE3A52C03A7CE4E0E0E060DA4397755AF0C232F4009010536CEE0D0D0D3D73F08995E387AB15B74DCF9F888E9E38F5ABE3274FFDFB8D9BFFED0DBFF4AB7FF1D9BF391E45878E47CFAD44CFAE44A528BAE5AEFB2BE9EB70314B7F795A9EA2C232F4009010536CEE5512D4A15AC53F1E391E1D7C213A76E2A5054AA5D2DF7EE18B9FF9EB2F1C78F2D4170DAF9C8C8E5552D91DF7DCD770DB4295FEF2B43C458565E8012021A6D8DCAB24A8FFAAD5A9F475227AFAF9E82787A395283A76F4E8E865970D0C9C3B3030F8BEDFDB547FC3BBF7DCDB70DB4295FEF2B43C458565E8012021A6D8DCAB24A8E76A557DE7E1C117A2270F454FBD18DDBDEF87175D74D1B9E79DFFAAD7BE6EEA03ABD2D75DF7EC69B86DA14A7F795A9EA2C232F4009010536CEE551254A956F18F2F9C8C9E2D9F3AF7F5F48BD1AEBB16DFB6EE1DAFFBC5D7BF76E8E7BFF84F5F7D318A0E1F8D9E3F7AEA86B7EDBEABE1B6852AFD6567CBCBCBC3C3C3696F05E970740040424CB1B917F749C78FFFB456D5B6290E60CFAD443F3D163D7968E58E0796D6FDDA3BAFF88DDF7CEA68F49372F454393A78348AF3D76D77DED570DB4295FEB2B3A5A5A5919191B4B78274383A002021A6D8DC6B4850E3575C7EFF0F1EBEFB81C5DD7B176FDFB378FBBD0FDD71FFFE7FBFF3FBDF7DE0D16FEF79E83B7B1EBCFDDE0777DFF7D0030FFFE8DA7FD8FEFEABDE9F7A0A92BEB269E7CE9D131313696F05E970740040424CB1B957495FCFD6D7C73EF691812EFCEEFBDED770C34295FEB2B32D15696F05E970740040424CB1B957495F07D55A4B7FD9D9C4C4C4CE9D3BD3DE0AD2E1E8008084986273EF54FA3AF18C5A6BE92F3B585E5E1E19192997CB696F08E970740040424CB1B957495F4FABB596FEB2836DDBB65D7DF5D5696F05A971740040424CB1B957495F4FA9B596FEB29D72B93C3232B2BCBC9CF686901A47070024C4149B7B95F4F513B5D6D25FB6333D3D3D3B3B9BF656902647070024C4149B7B95F4B5ACD65AEDFACBB9B9B9A5A5A5B0639821DBB66DDBBC7973DA5B41CAA42F0048882936F7A4AF9EA4AF52A9F4810F7CA0FA59FC175F7C71010358B95C9E9E9E16BD88A42F00488C2936F72AE9EBC7BDADFA75B6FCAEB00E0B77B9DA0E5726F1885ADE6FED39BCEEBAEB060707AB0F2DBE303C3C5CA8BF7A8A93E7B66DDB464646BCE1902AE90B0012628ACDBDB84F3A71E2C99E576DB5CDEBAF5ED31CC91AAEECB0CE2E57D86E3DBD7A80F1B3B7B8B8F896B7BCA5FEEE366CD810E790B4473584858585AD5BB74E4E4EC68FF7EAABAF2E54E0A433E90B0012628ACDBD4A3E7922B9AAADBFDD85DABFCD0BD4AE6F13AB4E738F493FAEF1F1F10E9BD7F7E2873F3333333F3F5F2A95D2DE8BC99601E90B0092618ACDBD815359E5F1E4AABAFE5ACB5EBBA6FECA865FD56F523797EBAF6C5E67728F2B7EF6969696DEFDEE77BFE94D6FAADDE385175E38363696F6A8429AA42F0048882936F72A11E5406FEBE5E4F3D2E576176A4B365CD3B0AACE971B6EDEBC8684AABEBFDCB973E7A5975EFAC637BEB1BA31175C7041B95C4E714C215DD2170024C4149B7B95ACF2A39E576DB52DDFB456BF4CBB7F3BDCBC7E25F5B7EABC58CF1F60FDD318C7AD2D5BB65C72C925636363F1BF7BF7EE4D6B402175D2170024C4149B7B01D257CB5F352FD01CA8DA5DD9CDC22DEF3AB9F455B5B4B4343B3B3B3F3F1F7E1C213BA42F0048882936F72A11E5B19E576DB5D50B7567A21AAF697FCE6AD57ABAB9DC6E25093DC0B4870E32CAD101000931C5E6DEA9887272A9E7555B6DF542F3BFED966FBEBE6D3C6B735FA75D67AF1E60DA430719E5E8008084986273AF12511EED79BD1C901EADFDDB704D6DB1FAE5EB176B58A09BCBAD125AEF1F5AEDBED21E3AC82847070024C4149B7B9588F2C39E576DB5CDEBAFBFA6C3621DD6D97C7DF5570D0B24F4D06A2B4F7BE820A31C1D009010536CEE5522CAFE84AA61E575A7A47E76B9FD1B0B4FB3B6E6EBEB1768B7921E3EB4B4870E32CAD101000931C5E65E25A23CA2D65AFA4B68C7D101000931C5E65E257D3DACD65AFA4B68C7D101000931C5E69EF4257D416F393A002021A6D8DC8BFBA493271F526B2DFD25B4E3E8008084986273AF92BE1E546B2DFD25B4E3E8008084986273AF92BE16D55A4B7F09ED383A002021A6D8DCABA4AF1FA8B596FE12DA71740040424CB1B9373838F8C20BF79E3CF97DB5A6D25F423B8E0E0048882936F74646461E7DF49B274FEE536B2AFD25B4E3E80080849862736F6262E25F775E7732FA9EEABE7EB0F88DD1D1D1B4870E324AFA0280849862736FEBD6AD33331F4A3DCFE4ABBE32FBD9E9E9E9B4870E324AFA0280849862736F69696974F4CD2F94EF3E193DA0BAACC9C977CDCFCFA73D749051D2170024C414DB0FB69CB2F96474BFEAA6FEDFDCFF9E9A9A487BD020BBA42F00488829B61F94CBE5F1F177EEDEFDCF51749FEA5CCBCBBB4647DF5C2ADD96F6A04176495F009010536C9F585C5C1C1BBB6C71713E8AF6AA761547AF38A62E2C7C29EDE1824C93BE002021A6D8FEB17BF7EE38806DDDFA875174AF6AAEF9F9CF8D8E8E2C2CFC63DA030559277D0140424CB17DA55C2ECFCC4C8F8FBF6376F67F2E2FDF12457B54A9F41F73737F3535B57172723CBE9CF610410E485F009010536C1F5A5858989EFEEFC3C3FF6D808181A1A10BA7A6AE8C0358DAC302B931207D0140324CB1F49EAFD2825C93BE002021A6587AE6CE3BEFFCEDDFFEED071F7C70646424ED6D01CE9CF405000931C5D233975C72C9E0E0E09FFCC99F4C4E4EA6BD2DC09993BE002021A6587AE3F39FFF7CDCB15D7CF1C5BFFCCBBFBC75EBD6B437073873D2170024C4144B0F944AA5C1C1C1EAA75C9C77DE795FFFFAD7D3DE22E0CC495F009010532C3D30393959FB8CC173CF3D77FBF6ED696F1170E6A42F0048882996B3F5F5AF7FBDFE13DEE3F435353595F646016B333737171FBF838383636363F185E1E1E1F8DF57BFFAD58B8B8B696F1A00F40FE98BB3B57EFDFA5FF8855F883BB6A1A1A16A00FBB99FFBB972B99CF676016BF0B5AF7DADF9EBF2AEB8E28AF9F9F9B4370D00FA87F4C5D98A9BB3858585D9D9D9DFF99DDF79CD6B5E13776C6F7DEB5BE36BD2DE2E600DCAE5F205175C501FBDDEFEF6B70F0F0F974AA5B4370D00FA87F4452FAD5BB7EE0D6F78C3EB5FFF7AE90B72E7939FFCE479E79D574B5F1FFDE847676666D2DE2800E82BD217BD34343474FFFDF7EFDDBB37ED0D01CEC445175D548D5E575D75D5C8C888B71003406F495FF4CCD2D252DCAEA5BD15C099FBF6B7BFFDCA57BE324E5F131313FEE20B007A4EFAA267E25E6D727232EDAD00CECABBDEF5AE6AFA4A7B4300A00F495FF4CCCCCCCCD6AD5BD3DE0AE0AC2C2F2FC7E9CB07CD034012A42F7A66626262E7CE9D696F0570B67CDB320024C4144BCF0C0D0DF9706AC8BBF8289E9E9E762C034012A42F7AC3476E401F8843D7E5975FFEE5EDDBC7C7C7053000E839E98BDEF0911B9077D5E875F73D7B8EAD1C8FFF15C000A0E7A42F7AC3476E40AED547AF6A096000D073D217BDE1233720BF9AA3970006004990BEE80D1FB90139D52E7A096000D073D2173D10776671FA4A7B2B8035EB1CBD043000E82DE98B1ED8BB77EFD8D858DA5B01AC4D37D14B0003801E92BEE8011F7808B9D37DF412C000A057A42F7A607676767A7A3AEDAD00BAB5D6E8258001404F485FF480F405397266D14B000380B3277DD103D217E44573F4BAF1A69B2FBB6CF491FDFB5BC6ADA79F39B86EDDBA2F6FDF2E8001C0D993BEE881858585B81B4B7B2B80D36819BD0607070706062EBD74A4398055A3D74085000600674FFAA2377CDF17645C87E855D510C0EAA3970006003D217DD11B535353737373696F05D05A73F43A74F8C8F0F0F0C06AB500D61CBD6271543BF0F8130218009C31E98BDEF0955F9059ED3E6623BE666868A83980EDB9F7DE96D1EBC69B6EF6211C007036A42F7A667272D2E92FC89ACE9F70D832809D7FFEF9DD442F010C00D64AFAA267E2F66B6262420083ECE8E6C3E55B06B02EA3970006006B227DD14BE572796A6A6A727272EFDEBD696F0B145DF7DFEBD521809D367A096000D03DE98BDE9B9F9F1F1B1BDBB061C3962D5B161616E24896F61685B0D0BF666767B7F4AFF1FE1547AF5B777DABCBAF51FEF785FF38F7DC731BA2D739E79CB37DFB57BA5C437C5FE3BE7902003A92BE48CAEEDDBBABAD6DFD475AF7B1941BED244D4F4FA71D91129476B64DD0DEBD7BE300F6F433074F1B9C5A7EC26155CBEF016BB986785771D21B003A93BE00FA563701AC43F4EA3280895E00D025E90BA09F750E602DA3D739E79CD37D0013BD00A07BD217409F6B17C0DA7DA5F2DFFD9F2FB4FC1EB0E600267A01C09A485F00FDAF3980B58B5ED54F386CF745CCF5014CF40280B592BE000AA139806DDAF4C196D1ABDDC7D06FDCB8F1D0E123A217009C31E90BA0283A04B096DFEB551FC0442F00387BD2174081B40C601DBE52B91AC0442F00E809E90BFAD6C0C0E90FF0FA65BA599E3ED01CC0E288D5E103E5BFB76F9FE805003DA1D982BE554B53CDDFE0D4BC4CC362A1B795B0BAFF22669F7008003DA4C782BE559FBE3A2FD0E132FD6AAD014CF40280B3A7C7823ED47016AB659A6A3833D67C3D7DAFFB00267A01404F68B3A06F757EE761C39B0C3BBC3B913ED64D0013BD00A0573458D0B7DABDF3B0E599AE86B364D25771740E60A21700F490060BFA56BB771EB68C58D25791B50B60A21700F496060BFA50F3BB0A1B7E1BB5FADB30EF3C2CB2E600267A0140CF69B0A06FADE96FBAC42DEA0398E8050049D06F41DFEAE66D84A77D772285520D608FECDF2F7A0140123458D0B73AA7AFCE1F342F7D15561CBA464646442F004882060BFAD3197C9ABCBFFBA26A7A7A3AED4D0080FEA4C1026015D91B0012628A056015E90B0012628A056015E90B0012628A056015E90B0012628A056015E90B0012628A056015E90B0012628A056095DEA62F590E006A4C8A00ACD2392F357F7D5CF3D7C49D7601002826132100AB9C367D75F9ABFA1FE52E0088A42F001A7493BE5A9ED46AF72BA7BF00A0CA2C08C02A3D39F7D5BC98DC0500E642005639CB735FB5C59CF5028006E6420056E9327D75BED2B92F0068662E0460955EA52FE7BE00A081B91080557AF2CEC32ED70600856252046095B3FFD48D8630D67C01008AC94408C02A3D4F5F1DAE048042310B02B0CA19A4AF2E3FF9F0B42B0780FE661604601501090012628A056015E90B0012628A056015E90B0012628A056015E90B0012628A056015E90B0012628A056015E90B0012628A056015E90B0012628A056015E90B0012628A056015E90B0012628A056015E90B0012628A056015E90B0012628A056015E90B0012628A056015E90B0012628A05209A9B9B8B43D7E0E0E0D8D8587C61787838FEF7D5AF7EF5E2E262DA9B0600FD43FA0220FADAD7BE36D0E48A2BAE989F9F4F7BD300A07F485F0044E572F9820B2EA88F5E6F7FFBDB8787874BA552DA9B0600FD43FA02E0944F7EF293E79D775E2D7D7DF4A31F9D9999497BA300A0AF485F00BCE4A28B2EAA46AFABAEBA6A6464A45C2EA7BD4500D057A42F005EF2ED6F7FFB95AF7C659CBE262626FCC51700F49CF405C0CFBCEB5DEFAAA6AFB4370400FA90F445EE95CBE5B9B9B9A9A9A9F1F1F1919191E6CF6DA3B7E227397EAA2727276767677D2443FF595E5E8E47D907CD034012A42FF26DE7CE9D711888A3D7F5D75F7FEBAE5D8FECDF7F6C6545255AF1931C3FD53B76ECD8B46953FCE4C7192CEDBD801E1BF06DCB00900C532C79552A95A6A7A7376EDC78E0F103C7568EA954EAE9679E8E33583C0ACBCBCB69EF1119E27C6C784EC902900BD217B91477576363635FDEFEA5632B4755EA75E34D37AE5FBF7E696929EDFD22139C8F754A1600DA91BEC8A5E9E9E94AF47A5165A46EDD75CBE597FF7ADAFB45CA9C8FCD4839250B4066495FE4CFCE9D3B376EBC32F5BCA11AEA139FF8FF3E7BCD67D2DE3B52E37C6CD6CA2959003248FA2267CAE5F2C8C8C8E34F3CB672BCAC3255878F94D6AD7B7B613F2BCFF9D80C9653B200648DF445CECCCECEC66DEECAF1176A75C5C46F75F977F9F5B75249D435D7FCE5CCCC4CDAFB480AAAE763530FC0AAB93EF1677F7A4D814FC9029035D21739333939B9E3867F5939FE7CB5AEB872E38FA3E8B113D1C32BD1F78F46F71D8DEE3E7C7CDB0DDFFAE613CFDD792CFACF72746739BAEDF9E89617A3BFBBED810F6FFE48ED862A89BA67CFEEB1B1B1B4F791D09C8FCD7215FC942C0059237D9133A3A3A3FBF6EDADB5FB03030387A3E8C8C9E8B9E3D1B3C7A2E7A3E88FFFFCD303AF78CD862B279F58890E1C8D0EBC182D95A3478E475FFDEE7D95D35FE947943EAEC3479E1D1C1C4C7B1F09CDF9D88C57614FC9029041D21739333434F4CCC127578E1FA956DCBF3E7F223A7AE2D4AF8E9F3CF5EF376EFEB737FCD2AFFEC567FFE678141D3A1E3DB7123DBB1295A2E896BBEEAF34BB4754A23550BC2FEA753E36E355CC53B2006453E1FA24F2AE92A00ED72AFEF1C8F1E8E00BD1B1132F2D502A95FEF60B5FFCCC5F7FE1C093A73E6C7AE56474AC92CAEEB8E7BE86DBAA24AA80E9AB723EF6DEFAFCB9C6F3B1E967E6FEAEC3470E16F0942C00D954B83E89BCAB74AB876A752A7D9D889E7E3EFAC9E168258A8E1D3D3A7AD9650303E70E0C0CBEEFF736D5DFF0EE3DF736DC562551054C5F95F3B14FD4E7CF359E8F4D3F33F77D1570B704209B4C488DCAE5F2FCFCFC962D5B262727C75F363131115F333B3BEBBB3B5357E956FFAB56D54EF7E00BD19387A2A75E8CEEDEF7C38B2EBAE8DCF3CE7FD56B5F37F58155E9EBAE7BF634DC562551056C735BBC22B0B6F3B1E967E6BEAF02EE9600649309E967E2D01527AED3FE95FCD8D8D875D75D1787B4B4B7B7A09AD3D70B27A367CBA7CE7D3DFD62B4EBAEC5B7AD7BC7EB7EF1F5AF1DFAF92FFED3575F8CA2C347A3E78F9EBAE16DBBEF92BEA4AF24381F9BFD2AE06E09403699904E595858D8B06143979F515635323212A7B5B437BC882ADDEA73B5AA365571007B6E25FAE9B1E8C9432B773CB0B4EED7DE79C56FFCE65347A39F94A3A7CAD1C1A3519CBF6EBBF3AE86DBAA24AA806DAEF3B1D9AF02EE96006453D127A472B93C3D3DDD7C76EB139FF8B31D3B6EB875D7B76AF5A94F7D7AE3C68D0D4B4E4E4E964AA5B41F44B154BAD552ADC6AFB8FCFE1F3C7CF7038BBBF72EDEBE67F1F67B1FBAE3FEFDFF7EE7F7BFFBC0A3DFDEF3D077F63C78FBBD0FEEBEEFA1071EFED1B5FFB0FDFD57BDBFFEB62A892A609BDBFC8AC01ACFC7A69F99FBBE0AB85B02904D859E909697971B4E797DFCE37FF4C8FEFDC7568EB7ABA79F39F8F7D75E3B3C3C5C7F126CEFDEBD693F9402899FF3E3C77F5A5F1FFBD8E66E4E57FEEEFBDED77043954415B0CD6D784560EDE763D3CFCC7D5F05DC2D01C8A6E24E484B4B4B7170AAB5E61313139D73574306FBD4A73E5DBBEDE0E0E0EEDDBBD37E404551495FCFAACC5601DBDC865704D67A3E36F5C05C842AE06E0940361574422A97CBF567BD3E7BCD355DE6AEFABAFEFAFF1BE7AEDA19301F871886F495F12A609BEB7C6CF6AB80BB2500D954D009696A6AAAD600EDD871C31944AF6ADD7DCF9EA1A1A1EA7AC6C7C7D37E588550E9740FAACC5601DB5CAF0864BF0AB85B02904D459C90E6E7E7CFF2AC577DDD78D3CDB5B56DDBB62DED07D7FF4E75BA279E5199AD02B6B95E11C87E1570B704209B8A38218D8D8DD5FED6EB2CA357B56A7F03363C3CEC7BC09256495F4FABCC5601DB5CAF0864BF0AB85B02904D859B90E6E6E66A1F9571E0F1277A92BE0E1D3E52FB14C4ABAFBE3AED87D8E7A4AF8C5701DB5CFB64F6AB80BB2500D954B809697C7CBC1A933EFEF13FEA49F4AAD697B76FAFAE76686828ED87D8E72A9DEE532AB355C036D73E99FD2AE06E094036156B422A954AB5BFD1EAD589AF5A5D7AE94875CD0B0B0B693FD07E56E9747FA2325B056C73A5AFEC5701774B00B2A95813D2ECEC6CEDF3097B1BBDE2FAF0873F525DF9CCCC4CCB7B9F9B9B5B5A5A0AFB88FB50A5D35D5699AD766D6E1FEFFF5E11C87E495F006444B126A4CD9B37F7EAA30E9BEBD65DDFAAAE7CC3860DF5775A2A953EF0810F547F75F1C517F76B031A4CA5D3FDB1CA6C35B4B945D8FFBD2290FD92BE00C888624D48131313D52EF0C69B6EEE79FA7A64FFFEEACA4746466AF778DD75D7D5BE9139BE303C3CEC4B99CF52A6D257F3C6B4DCBCB56E73972BC9D45351BF55B5C12AC8FE9FCD8150F5257D019011C59A906A9F357FF73D7B7A9EBEE2AAFD51597C5F8B8B8B6F79CB5B06EA6CD8B0A13E987166E267F2C489273352D591AD5EA85DD370A1B658FDC21D7E6C794DF33A9B7FCC481570FFCFC840B4DC8CE62B4FBBB5DD3F9C2EEF310B257D019011C59A906A9F0BFFC8FEFD49A4AFDAFA6B9FAC48124E9C78220BD5B025D51FEBFFED7C7DCBC5DA5DD9CD0664A4060AB9FFA7FEB477D81F065EDEF7BADCF2CEEBE97CA1E18E9A7F4CF1C9497BFE0180538A35218D8E8E569B80EFEDDB9744FAAABDC92ABEAFA5A5A577BFFBDD6F7AD39B6A9DC785175E38363696F673907B951EEEF1CC56F3E655AFA9FFB7E5C2ED6EB8A6FBCA421570FF4F31579C41203CEDD67673DB81BA5713069A5E2F68BEBE9BFB95BE002882624D48B597E46FDDF5AD9E47AFA79F39585D79FD577EEDDCB9F3D24B2F7DE31BDF58FDD505175C502E97537C06FA40A5873B9085AA6B737F767975FB7BA0798186856BAB6A5E6DCB9B346C40EA4F42CBA7A5365805D9FF07D28BC1036D027CCB4D6AB56B9D55AA6F5E72A0BBD71AD27A5100005257AC09697A7ABADA73FCFDB5D7F63C7D7D6FDFBEEACA1B5EE08FDBCD2D5BB65C72C925F1F5F1BF7BF7EE4DEBE1F7874C458E96F1A9E5AF3A6F7643D06AB7E6DCA5AFA818FB7F8A03D16EF7A8DF7FD6BADBB45CA0F30B04F5AF119C38DD6B0D59D82D01202DC59A90B66EDD5A6D02366DFA60CFD3D767AFB9A6BAF2A9A9A9E6BB5E5A5A9A9D9D9D9F9F0FFFA8FB4CA587FB5146AAB6316DFAD19F2D537F65C332F5175AAEAAF9EEEA174EFD49687E4E9A47ADBFF7FF1447A1E58ED772B739ED62A7DDAF1A76E90EBFCACB6E0900E1156B425A5C5CAC361C434343870E1FE96DFABAFCF2CBAB2B8FBBCCB41F683FAB34768F65A1EAFAD7C79AB7AA764DF3020DBF6A58A661F996376CB9DA8C5401DBDC1447A1F3EED16E7F6BF963F7FB559B14B7EAE6F58746C332764B008AAC7013D2C8C848B50FD8B1E3861E46AFDA977DC54AA552DA8FB29F9DEAE14E2E65A46A1BD3BA1FAD5BA6FECA865FD52FD372550D77D7FC6FA6AA806D6E8AA3D0BC7B74B8DC61D7EABC860E8B35DF45877BB75B0240E126A49999996ADBB16EDDBA1E9EFE7ACF7BDF5B5DEDE4E464DA0FB1CF557AB8473352B58D69DEAA865F352CF072EFBBEAC7FA255BAEB9619976779DFA7392F63E125ABAE9AB9DD3E69F33485FED5E20684E5FB52BA52F00A857B809A9542AD5BE95EBB3D75CD393E875DBED77D4BA8DBEFC50814CC954D86819874E9BBE3A5FD3397D75B8322355C03637C52168B727B4DB6D9A2253EB55B5BCA6E5EED7F257CD374C7D2F2DE06E094036157142DAB66D5BB51B181C1C3CFB8F9E7F64FFFE5A9CDBBC7973DA0FAEFF55DAB81F66A46A1BD3B0552FB79B3FFB55CB259B1F4B87F5747FABD49F93B4F791D032F2FCB7DB8CDA5ED4BC777573DB6E166EB7B7B7BCC66E094091157442DAB06143B5238983531C9FCE387A1D3A7C64DDBA75B5552D2F2FA7FDC8FA5FA58DDBAF325B056C7333B24FB6DB8CDAF5F50BBC1CC93ADDB0DD6F1BAE695E55BB7BB45B02404127A4A5A5A5A1A1A15A6ABAFB9E3D6710BD0E3CFE442D7A0D0E0E2E2C2CA4FDB00AA1D2C33DA2325B056C73ED93D9AF02EE960064537127A4382CD5FEF821CE4E6BFDFEE5DB6EBFA3F686C3D8B66DDBD27E4045A1D3CD7815B0CDADEC930FAB2C5701774B00B2A9D013D2FCFC7CED0CD840E553106FBCE9E66E4E79BDFFAAAB06EA885E21E974335E056C73ED93D9AF02EE96006453D127A4C5C5C5D1D1D1FA281567B04F7DEAD3DFDBB7AF3974FDFDB5D76EDCB8B17EE138BC79C36160F1D37EF2E4432AB355C036D73E99FD2AE06E09403699904E7D06FD962D5B060707075A59BF7E7DBB5F4D4D4DF9988DF02A9DEE832AB355C036D73E99FD2AE06E09403699905E12E7A8E9E9E99629ABD9F8F8F8EEDDBBD3DEE482AA74BA8B2AB355C036D73E99FD2AE06E0940369990562997CB737373710C1B1B1B6B485C232323939393D75D779DF35DE9D2E966BC0AD8E656F6C91FA82C5701774B00B2C98444CEE874335E056C73ED93D9AF02EE9600649309899CA974BADF5799AD02B6B98383832FBC706FEACFBCEA5005DC2D01C82613123953E974F79C3CB94F65B30AD8E68E8C8C3CFAE837537FE655872AE06E0940369990C899539DEED2374F46DF53D9AC02B6B9131313FFBAF3BAD49F79D5AE7EB0F88DD1D1D1B477130038A5707D1279A7D3CD7215B3CDDDBA75EBCCCC874E460FA86CD657663F333D3D9DF66E0200A7485FE48C4E37CB55CC367769696974F4CD2F94EF3A19DDAF32589393EF9A9F9F4F7B37018053A42F7246A79BE52A6C9BBBE594CDA93FFFAAB9FEDFDCFF9E9A9A487B07018097485FE44FB5D38DA2FB54A66A6EEE7F15B6CD2D97CBE3E3EFDCBDFB9F531F05555FCBCBBB4647DF5C2ADD96F60E02002F91BEC81F9D6E064B9BBBB8B8383676D9E2E27C14ED5559A8789F8CFFA35858F852DABB0600FC8CF4452EE9743355DADCAADDBB77C7BBE5D6AD7F1845F7AA746B7EFE73A3A3230B0BFF98F64E0100AB485FE4954E3723A5CDAD572E976766A6C7C7DF313BFB3F97976F89A23D2A64954AFF3137F75753531B2727C7E3CB69EF0E00D048FA22C774BADADC6C5A5858989EFEEFC3C3FF6D80B086862E9C9ABA32DE33D3DE0500A035E98BDCD3E9A6429B0B00B056D21700004008D21700004008D21700004008D21700004008D21700004008D21700004008D21700004008D21700004008D21700004008D21700004008D21700004008D21700004008D21700004008D21700004008D21700004008D21700004008D21700004008D21700004008D21700004008D21700004008D21700004008D21700004008D21700004008D21700004008D21700004008D21700004008D21700004008D21700004008D21700004008D21700004008D21700004008D21700004008D21700004008D21700004008D21700004008D21700004008D21700004008D21700004008D21700004008D21700004008D21700004008D21700004008D21700004008D21700004008D21700004008D21700004008D21700004008D21700004008D21700004008D21700004008D21700004008D21700004008D21700004008D21700004008D21700004008D21700004008D21700004008D21700004008D21700004008D21700004008D21700004008D21700004008D21700004008D21700004008D21700004008D21700004008D21700004008D21700004008D21700004008D21700004008D21700004008D21700004008D21700004008D21700004008D21700004008D21700004008D21700004008D21700004008D21700004008D21700004008D21700004008D21700004008D21700004008D21700004008D21700004008D21700004008D21700004008D21700004008D21700004008D21700004008D21700004008D21700004008D21700004008D21700004008D21700004008D21700004008D21700004008D21700004008D21700004008D21700004008D21700004008D21700004008D21700004008D21700004008D21700004008D21700004008D21700004008D21700004008D21700004008D21700004008D21700004008D21700004008D21700004008D21700004008D21700004008D21700004008D21700004008D21700004008D21700004008D21700004008D21700004008D21700004008D21700004008D21700004008D21700004008D21700004008D21700004008D21700004008D21700004008D21700004008D21700004008D21700004008D21700004008D21700004008D21700004008D21700004008D21700004008D21700004008D21700004008D21700004008D21700004008D21700004008D21700004008D21700004008D21700004008D21700004008D21700004008D21700004008D21700004008D21700004008D21700004008D21700004008D21700004008D21700004008D21700004008D21700004008D21700004008D21700004008D21700004008D21700004008D21700004008D21700004008D21700004008D21700004008D21700004008D21700004008D21700004008D21700004008D21700004008D21700004008D21700004008D21700004008D21700004008D21700004008D21700004008D21700004008D21700004008D21700004008D21700004008D21700004008D21700004008D21700004008D21700004008D21700004008D21700004008D21700004008D21700004008D21700004008D21700004008D21700004008D21700004008D21700004008D21700004008D21700004008D21700004008D21700004008D21700004008D21700004008D21700004008D21700004008D21700004008D21700004008D21700004008D21700004008D21700004008D21700004008D21700004008D21700004008D21700004008D21700004008D21700004008D21700004008D21700004008D21700004008D21700004008D21700004008D21700004008D21700004008D21700004008D21700004008D21700004008D21700004008D21700004008D21700004008D21700004008D21700004008D21700004008D21700004008D21700004008D21700004008D21700004008D21700004008D21700004008D21700004008D21700004008D21700004008D21700004008D21700004008D21700004008D21700004008D21700004008D21700004008D21700004008D21700004008D21700004008D21700004008D21700004008D21700004008D21700004008D21700004008D21700004008D21700004008D21700004008D21700004008D21700004008D21700004008D21700004008D21700004008D21700004008D21700004008D21700004008D21700004008D21700004008D21700004008D21700004008FF3F57E08DB069744AE20000000049454E44AE426082, 0);
INSERT INTO `act_ge_bytearray` VALUES ('90005', 1, 'audit.form', '90001', 0x3C74723E20200D0A202020203C74643EE5AEA1E689B9E7BB93E69E9CEFBC9A3C2F74643E20200D0A202020203C74643E20200D0A20202020202020203C73656C6563742069643D2266705F6175646974526573756C7422206E616D653D2266705F6175646974526573756C742DE5AEA1E689B9E7BB93E69E9C2220636C6173733D226561737975692D636F6D626F626F78222072657175697265643D227472756522207374796C653D2277696474683A3230307078223E20200D0A2020202020202020202020203C6F7074696F6E3EE5908CE6848F3C2F6F7074696F6E3E20200D0A2020202020202020202020203C6F7074696F6E3EE68B92E7BB9D3C2F6F7074696F6E3E20200D0A20202020202020203C2F73656C6563743E20200D0A202020203C2F74643E20200D0A3C2F74723E, 0);

-- ----------------------------
-- Table structure for act_ge_property
-- ----------------------------
DROP TABLE IF EXISTS `act_ge_property`;
CREATE TABLE `act_ge_property`  (
  `NAME_` varchar(64) CHARACTER SET utf8 COLLATE utf8_bin NOT NULL,
  `VALUE_` varchar(300) CHARACTER SET utf8 COLLATE utf8_bin NULL DEFAULT NULL,
  `REV_` int(11) NULL DEFAULT NULL,
  PRIMARY KEY (`NAME_`) USING BTREE
) ENGINE = InnoDB CHARACTER SET = utf8 COLLATE = utf8_bin ROW_FORMAT = Dynamic;

-- ----------------------------
-- Records of act_ge_property
-- ----------------------------
INSERT INTO `act_ge_property` VALUES ('next.dbid', '155001', 63);
INSERT INTO `act_ge_property` VALUES ('schema.history', 'create(5.22.0.0)', 1);
INSERT INTO `act_ge_property` VALUES ('schema.version', '5.22.0.0', 1);

-- ----------------------------
-- Table structure for act_hi_actinst
-- ----------------------------
DROP TABLE IF EXISTS `act_hi_actinst`;
CREATE TABLE `act_hi_actinst`  (
  `ID_` varchar(64) CHARACTER SET utf8 COLLATE utf8_bin NOT NULL,
  `PROC_DEF_ID_` varchar(64) CHARACTER SET utf8 COLLATE utf8_bin NOT NULL,
  `PROC_INST_ID_` varchar(64) CHARACTER SET utf8 COLLATE utf8_bin NOT NULL,
  `EXECUTION_ID_` varchar(64) CHARACTER SET utf8 COLLATE utf8_bin NOT NULL,
  `ACT_ID_` varchar(255) CHARACTER SET utf8 COLLATE utf8_bin NOT NULL,
  `TASK_ID_` varchar(64) CHARACTER SET utf8 COLLATE utf8_bin NULL DEFAULT NULL,
  `CALL_PROC_INST_ID_` varchar(64) CHARACTER SET utf8 COLLATE utf8_bin NULL DEFAULT NULL,
  `ACT_NAME_` varchar(255) CHARACTER SET utf8 COLLATE utf8_bin NULL DEFAULT NULL,
  `ACT_TYPE_` varchar(255) CHARACTER SET utf8 COLLATE utf8_bin NOT NULL,
  `ASSIGNEE_` varchar(255) CHARACTER SET utf8 COLLATE utf8_bin NULL DEFAULT NULL,
  `START_TIME_` datetime(3) NOT NULL,
  `END_TIME_` datetime(3) NULL DEFAULT NULL,
  `DURATION_` bigint(20) NULL DEFAULT NULL,
  `TENANT_ID_` varchar(255) CHARACTER SET utf8 COLLATE utf8_bin NULL DEFAULT '',
  PRIMARY KEY (`ID_`) USING BTREE,
  INDEX `ACT_IDX_HI_ACT_INST_START`(`START_TIME_`) USING BTREE,
  INDEX `ACT_IDX_HI_ACT_INST_END`(`END_TIME_`) USING BTREE,
  INDEX `ACT_IDX_HI_ACT_INST_PROCINST`(`PROC_INST_ID_`, `ACT_ID_`) USING BTREE,
  INDEX `ACT_IDX_HI_ACT_INST_EXEC`(`EXECUTION_ID_`, `ACT_ID_`) USING BTREE
) ENGINE = InnoDB CHARACTER SET = utf8 COLLATE = utf8_bin ROW_FORMAT = Dynamic;

-- ----------------------------
-- Records of act_hi_actinst
-- ----------------------------
INSERT INTO `act_hi_actinst` VALUES ('117510', 'easy-leave-request:1:90006', '117508', '117508', 'startEvent', NULL, NULL, '', 'startEvent', NULL, '2019-08-01 20:09:22.902', '2019-08-01 20:09:22.907', 5, '');
INSERT INTO `act_hi_actinst` VALUES ('117512', 'easy-leave-request:1:90006', '117508', '117508', 'hrAudit', '117513', NULL, '', 'userTask', 'zhangdali', '2019-08-01 20:09:22.907', '2019-08-01 20:16:42.664', 439757, '');
INSERT INTO `act_hi_actinst` VALUES ('117525', 'easy-leave-request:1:90006', '117508', '117508', 'exclusivegateway1', NULL, NULL, '', 'exclusiveGateway', NULL, '2019-08-01 20:16:42.664', '2019-08-01 20:16:42.672', 8, '');
INSERT INTO `act_hi_actinst` VALUES ('117526', 'easy-leave-request:1:90006', '117508', '117508', 'financeAudit', '117527', NULL, '', 'userTask', 'zhangdali', '2019-08-01 20:16:42.672', '2019-08-01 20:52:09.803', 2127131, '');
INSERT INTO `act_hi_actinst` VALUES ('122507', 'easy-leave-request:1:90006', '117508', '117508', 'exclusivegateway2', NULL, NULL, '', 'exclusiveGateway', NULL, '2019-08-01 20:52:09.804', '2019-08-01 20:52:09.812', 8, '');
INSERT INTO `act_hi_actinst` VALUES ('122508', 'easy-leave-request:1:90006', '117508', '117508', 'getResult', '122509', NULL, '', 'userTask', 'admin', '2019-08-01 20:52:09.812', '2019-08-01 20:56:26.163', 256351, '');
INSERT INTO `act_hi_actinst` VALUES ('130003', 'easy-leave-request:1:90006', '130001', '130001', 'startEvent', NULL, NULL, '', 'startEvent', NULL, '2019-08-01 21:27:04.998', '2019-08-01 21:27:05.006', 8, '');
INSERT INTO `act_hi_actinst` VALUES ('130005', 'easy-leave-request:1:90006', '130001', '130001', 'hrAudit', '130006', NULL, '', 'userTask', 'zhaoli', '2019-08-01 21:27:05.006', '2019-08-01 21:32:46.718', 341712, '');
INSERT INTO `act_hi_actinst` VALUES ('132503', 'easy-leave-request:1:90006', '132501', '132501', 'startEvent', NULL, NULL, '', 'startEvent', NULL, '2019-08-01 21:33:31.852', '2019-08-01 21:33:31.857', 5, '');
INSERT INTO `act_hi_actinst` VALUES ('132505', 'easy-leave-request:1:90006', '132501', '132501', 'hrAudit', '132506', NULL, '', 'userTask', 'limengcai', '2019-08-01 21:33:31.858', '2019-08-01 21:36:30.642', 178784, '');
INSERT INTO `act_hi_actinst` VALUES ('132517', 'easy-leave-request:1:90006', '132501', '132501', 'exclusivegateway1', NULL, NULL, '', 'exclusiveGateway', NULL, '2019-08-01 21:36:30.642', '2019-08-01 21:36:30.648', 6, '');
INSERT INTO `act_hi_actinst` VALUES ('132518', 'easy-leave-request:1:90006', '132501', '132501', 'financeAudit', '132519', NULL, '', 'userTask', 'zhangdali', '2019-08-01 21:36:30.648', '2019-08-01 21:37:59.883', 89235, '');
INSERT INTO `act_hi_actinst` VALUES ('132525', 'easy-leave-request:1:90006', '132501', '132501', 'exclusivegateway2', NULL, NULL, '', 'exclusiveGateway', NULL, '2019-08-01 21:37:59.883', '2019-08-01 21:37:59.884', 1, '');
INSERT INTO `act_hi_actinst` VALUES ('132526', 'easy-leave-request:1:90006', '132501', '132501', 'adjustForm', '132527', NULL, '', 'userTask', 'admin', '2019-08-01 21:37:59.884', '2019-08-01 21:38:43.854', 43970, '');
INSERT INTO `act_hi_actinst` VALUES ('132530', 'easy-leave-request:1:90006', '132501', '132501', 'hrAudit', '132531', NULL, '', 'userTask', 'zhangdali', '2019-08-01 21:38:43.854', '2019-08-01 21:40:34.444', 110590, '');
INSERT INTO `act_hi_actinst` VALUES ('132535', 'easy-leave-request:1:90006', '132501', '132501', 'exclusivegateway1', NULL, NULL, '', 'exclusiveGateway', NULL, '2019-08-01 21:40:34.444', '2019-08-01 21:40:34.444', 0, '');
INSERT INTO `act_hi_actinst` VALUES ('132536', 'easy-leave-request:1:90006', '132501', '132501', 'financeAudit', '132537', NULL, '', 'userTask', 'zhangdali', '2019-08-01 21:40:34.444', '2019-08-01 21:40:53.037', 18593, '');
INSERT INTO `act_hi_actinst` VALUES ('132541', 'easy-leave-request:1:90006', '132501', '132501', 'exclusivegateway2', NULL, NULL, '', 'exclusiveGateway', NULL, '2019-08-01 21:40:53.037', '2019-08-01 21:40:53.037', 0, '');
INSERT INTO `act_hi_actinst` VALUES ('132542', 'easy-leave-request:1:90006', '132501', '132501', 'getResult', '132543', NULL, '', 'userTask', 'admin', '2019-08-01 21:40:53.037', '2019-08-01 21:41:24.647', 31610, '');
INSERT INTO `act_hi_actinst` VALUES ('132547', 'easy-leave-request:1:90006', '132501', '132501', 'hrLook', '132548', NULL, '', 'userTask', 'zhangdali', '2019-08-01 21:41:24.647', '2019-08-01 21:42:38.644', 73997, '');
INSERT INTO `act_hi_actinst` VALUES ('132551', 'easy-leave-request:1:90006', '132501', '132501', 'endEvent', NULL, NULL, '', 'endEvent', NULL, '2019-08-01 21:42:38.644', '2019-08-01 21:42:38.644', 0, '');
INSERT INTO `act_hi_actinst` VALUES ('132554', 'easy-leave-request:1:90006', '132552', '132552', 'startEvent', NULL, NULL, '', 'startEvent', NULL, '2019-08-01 21:49:03.061', '2019-08-01 21:49:03.063', 2, '');
INSERT INTO `act_hi_actinst` VALUES ('132556', 'easy-leave-request:1:90006', '132552', '132552', 'hrAudit', '132557', NULL, '', 'userTask', 'zhangdali', '2019-08-01 21:49:03.063', '2019-08-01 21:52:14.306', 191243, '');
INSERT INTO `act_hi_actinst` VALUES ('132563', 'easy-leave-request:1:90006', '132552', '132552', 'exclusivegateway1', NULL, NULL, '', 'exclusiveGateway', NULL, '2019-08-01 21:52:14.306', '2019-08-01 21:52:14.306', 0, '');
INSERT INTO `act_hi_actinst` VALUES ('132564', 'easy-leave-request:1:90006', '132552', '132552', 'financeAudit', '132565', NULL, '', 'userTask', 'zhaoli', '2019-08-01 21:52:14.306', '2019-08-01 21:52:56.915', 42609, '');
INSERT INTO `act_hi_actinst` VALUES ('132572', 'easy-leave-request:1:90006', '132552', '132552', 'exclusivegateway2', NULL, NULL, '', 'exclusiveGateway', NULL, '2019-08-01 21:52:56.915', '2019-08-01 21:52:56.916', 1, '');
INSERT INTO `act_hi_actinst` VALUES ('132573', 'easy-leave-request:1:90006', '132552', '132552', 'getResult', '132574', NULL, '', 'userTask', 'admin', '2019-08-01 21:52:56.916', NULL, NULL, '');
INSERT INTO `act_hi_actinst` VALUES ('135003', 'easy-leave-request:1:90006', '135001', '135001', 'startEvent', NULL, NULL, '', 'startEvent', NULL, '2019-08-06 20:37:49.789', '2019-08-06 20:37:49.808', 19, '');
INSERT INTO `act_hi_actinst` VALUES ('135005', 'easy-leave-request:1:90006', '135001', '135001', 'hrAudit', '135006', NULL, '', 'userTask', 'zhangdali', '2019-08-06 20:37:49.808', NULL, NULL, '');
INSERT INTO `act_hi_actinst` VALUES ('135010', 'easy-leave-request:1:90006', '135008', '135008', 'startEvent', NULL, NULL, '', 'startEvent', NULL, '2019-08-06 20:38:02.932', '2019-08-06 20:38:02.934', 2, '');
INSERT INTO `act_hi_actinst` VALUES ('135012', 'easy-leave-request:1:90006', '135008', '135008', 'hrAudit', '135013', NULL, '', 'userTask', 'zhangdali', '2019-08-06 20:38:02.934', NULL, NULL, '');
INSERT INTO `act_hi_actinst` VALUES ('135017', 'easy-leave-request:1:90006', '135015', '135015', 'startEvent', NULL, NULL, '', 'startEvent', NULL, '2019-08-06 20:40:59.584', '2019-08-06 20:40:59.587', 3, '');
INSERT INTO `act_hi_actinst` VALUES ('135019', 'easy-leave-request:1:90006', '135015', '135015', 'hrAudit', '135020', NULL, '', 'userTask', 'zhangdali', '2019-08-06 20:40:59.587', '2019-08-06 20:42:09.820', 70233, '');
INSERT INTO `act_hi_actinst` VALUES ('135026', 'easy-leave-request:1:90006', '135015', '135015', 'exclusivegateway1', NULL, NULL, '', 'exclusiveGateway', NULL, '2019-08-06 20:42:09.820', '2019-08-06 20:42:09.828', 8, '');
INSERT INTO `act_hi_actinst` VALUES ('135027', 'easy-leave-request:1:90006', '135015', '135015', 'adjustForm', '135028', NULL, '', 'userTask', 'admin', '2019-08-06 20:42:09.828', '2019-08-06 21:31:56.359', 2986531, '');
INSERT INTO `act_hi_actinst` VALUES ('137502', 'easy-leave-request:1:90006', '135015', '135015', 'hrAudit', '137503', NULL, '', 'userTask', 'zhangdali', '2019-08-06 21:31:56.359', '2019-08-06 21:34:05.303', 128944, '');
INSERT INTO `act_hi_actinst` VALUES ('137507', 'easy-leave-request:1:90006', '135015', '135015', 'exclusivegateway1', NULL, NULL, '', 'exclusiveGateway', NULL, '2019-08-06 21:34:05.303', '2019-08-06 21:34:05.311', 8, '');
INSERT INTO `act_hi_actinst` VALUES ('137508', 'easy-leave-request:1:90006', '135015', '135015', 'financeAudit', '137509', NULL, '', 'userTask', 'zhangdali', '2019-08-06 21:34:05.312', '2019-08-06 21:34:41.377', 36065, '');
INSERT INTO `act_hi_actinst` VALUES ('137513', 'easy-leave-request:1:90006', '135015', '135015', 'exclusivegateway2', NULL, NULL, '', 'exclusiveGateway', NULL, '2019-08-06 21:34:41.377', '2019-08-06 21:34:41.378', 1, '');
INSERT INTO `act_hi_actinst` VALUES ('137514', 'easy-leave-request:1:90006', '135015', '135015', 'getResult', '137515', NULL, '', 'userTask', 'admin', '2019-08-06 21:34:41.378', '2019-08-06 21:43:23.503', 522125, '');
INSERT INTO `act_hi_actinst` VALUES ('137519', 'easy-leave-request:1:90006', '135015', '135015', 'hrLook', '137520', NULL, '', 'userTask', 'zhangdali', '2019-08-06 21:43:23.503', NULL, NULL, '');
INSERT INTO `act_hi_actinst` VALUES ('140003', 'easy-leave-request:1:90006', '140001', '140001', 'startEvent', NULL, NULL, '', 'startEvent', NULL, '2019-08-06 21:50:45.568', '2019-08-06 21:50:45.583', 15, '');
INSERT INTO `act_hi_actinst` VALUES ('140005', 'easy-leave-request:1:90006', '140001', '140001', 'hrAudit', '140006', NULL, '', 'userTask', 'zhangdali', '2019-08-06 21:50:45.583', NULL, NULL, '');
INSERT INTO `act_hi_actinst` VALUES ('140010', 'easy-leave-request:1:90006', '140008', '140008', 'startEvent', NULL, NULL, '', 'startEvent', NULL, '2019-08-06 21:52:43.276', '2019-08-06 21:52:43.278', 2, '');
INSERT INTO `act_hi_actinst` VALUES ('140012', 'easy-leave-request:1:90006', '140008', '140008', 'hrAudit', '140013', NULL, '', 'userTask', 'zhangdali', '2019-08-06 21:52:43.279', NULL, NULL, '');
INSERT INTO `act_hi_actinst` VALUES ('140017', 'easy-leave-request:1:90006', '140015', '140015', 'startEvent', NULL, NULL, '', 'startEvent', NULL, '2019-08-06 21:53:46.751', '2019-08-06 21:53:46.753', 2, '');
INSERT INTO `act_hi_actinst` VALUES ('140019', 'easy-leave-request:1:90006', '140015', '140015', 'hrAudit', '140020', NULL, '', 'userTask', 'zhangdali', '2019-08-06 21:53:46.753', NULL, NULL, '');
INSERT INTO `act_hi_actinst` VALUES ('140024', 'easy-leave-request:1:90006', '140022', '140022', 'startEvent', NULL, NULL, '', 'startEvent', NULL, '2019-08-06 21:58:08.375', '2019-08-06 21:58:08.377', 2, '');
INSERT INTO `act_hi_actinst` VALUES ('140026', 'easy-leave-request:1:90006', '140022', '140022', 'hrAudit', '140027', NULL, '', 'userTask', 'zhangdali', '2019-08-06 21:58:08.377', '2019-08-07 20:19:02.083', 80453706, '');
INSERT INTO `act_hi_actinst` VALUES ('142508', 'easy-leave-request:1:90006', '140022', '140022', 'exclusivegateway1', NULL, NULL, '', 'exclusiveGateway', NULL, '2019-08-07 20:19:02.083', '2019-08-07 20:19:02.088', 5, '');
INSERT INTO `act_hi_actinst` VALUES ('142509', 'easy-leave-request:1:90006', '140022', '140022', 'adjustForm', '142510', NULL, '', 'userTask', 'admin', '2019-08-07 20:19:02.088', NULL, NULL, '');
INSERT INTO `act_hi_actinst` VALUES ('142514', 'easy-leave-request:1:90006', '142512', '142512', 'startEvent', NULL, NULL, '', 'startEvent', NULL, '2019-08-07 20:57:26.317', '2019-08-07 20:57:26.320', 3, '');
INSERT INTO `act_hi_actinst` VALUES ('142516', 'easy-leave-request:1:90006', '142512', '142512', 'hrAudit', '142517', NULL, '', 'userTask', 'zhangdali', '2019-08-07 20:57:26.320', NULL, NULL, '');
INSERT INTO `act_hi_actinst` VALUES ('142521', 'easy-leave-request:1:90006', '142519', '142519', 'startEvent', NULL, NULL, '', 'startEvent', NULL, '2019-08-07 21:01:25.636', '2019-08-07 21:01:25.637', 1, '');
INSERT INTO `act_hi_actinst` VALUES ('142523', 'easy-leave-request:1:90006', '142519', '142519', 'hrAudit', '142524', NULL, '', 'userTask', 'zhangdali', '2019-08-07 21:01:25.637', NULL, NULL, '');
INSERT INTO `act_hi_actinst` VALUES ('145003', 'easy-leave-request:1:90006', '145001', '145001', 'startEvent', NULL, NULL, '', 'startEvent', NULL, '2019-08-09 21:12:10.651', '2019-08-09 21:12:10.667', 16, '');
INSERT INTO `act_hi_actinst` VALUES ('145005', 'easy-leave-request:1:90006', '145001', '145001', 'hrAudit', '145006', NULL, '', 'userTask', 'zhangdali', '2019-08-09 21:12:10.668', NULL, NULL, '');
INSERT INTO `act_hi_actinst` VALUES ('145016', 'easy-leave-request:2:145013', '145014', '145014', 'startEvent', NULL, NULL, '', 'startEvent', NULL, '2019-08-09 21:54:14.497', '2019-08-09 21:54:14.498', 1, '');
INSERT INTO `act_hi_actinst` VALUES ('145018', 'easy-leave-request:2:145013', '145014', '145014', 'hrAudit', '145019', NULL, '', 'userTask', 'zhangdali', '2019-08-09 21:54:14.499', NULL, NULL, '');
INSERT INTO `act_hi_actinst` VALUES ('145023', 'easy-leave-request:2:145013', '145021', '145021', 'startEvent', NULL, NULL, '', 'startEvent', NULL, '2019-08-09 22:00:16.636', '2019-08-09 22:00:16.637', 1, '');
INSERT INTO `act_hi_actinst` VALUES ('145025', 'easy-leave-request:2:145013', '145021', '145021', 'hrAudit', '145026', NULL, '', 'userTask', 'zhangdali', '2019-08-09 22:00:16.637', NULL, NULL, '');
INSERT INTO `act_hi_actinst` VALUES ('147503', 'easy-leave-request:2:145013', '147501', '147501', 'startEvent', NULL, NULL, '', 'startEvent', NULL, '2019-08-12 20:19:26.093', '2019-08-12 20:19:26.109', 16, '');
INSERT INTO `act_hi_actinst` VALUES ('147505', 'easy-leave-request:2:145013', '147501', '147501', 'hrAudit', '147506', NULL, '', 'userTask', 'zhangdali', '2019-08-12 20:19:26.110', NULL, NULL, '');
INSERT INTO `act_hi_actinst` VALUES ('147510', 'easy-leave-request:2:145013', '147508', '147508', 'startEvent', NULL, NULL, '', 'startEvent', NULL, '2019-08-12 20:45:29.168', '2019-08-12 20:45:29.170', 2, '');
INSERT INTO `act_hi_actinst` VALUES ('147512', 'easy-leave-request:2:145013', '147508', '147508', 'hrAudit', '147513', NULL, '', 'userTask', 'zhangdali', '2019-08-12 20:45:29.170', NULL, NULL, '');
INSERT INTO `act_hi_actinst` VALUES ('147517', 'easy-leave-request:2:145013', '147515', '147515', 'startEvent', NULL, NULL, '', 'startEvent', NULL, '2019-08-12 20:46:09.051', '2019-08-12 20:46:09.053', 2, '');
INSERT INTO `act_hi_actinst` VALUES ('147519', 'easy-leave-request:2:145013', '147515', '147515', 'hrAudit', '147520', NULL, '', 'userTask', 'zhangdali', '2019-08-12 20:46:09.053', NULL, NULL, '');
INSERT INTO `act_hi_actinst` VALUES ('147524', 'easy-leave-request:2:145013', '147522', '147522', 'startEvent', NULL, NULL, '', 'startEvent', NULL, '2019-08-12 20:51:06.550', '2019-08-12 20:51:06.551', 1, '');
INSERT INTO `act_hi_actinst` VALUES ('147526', 'easy-leave-request:2:145013', '147522', '147522', 'hrAudit', '147527', NULL, '', 'userTask', 'zhangdali', '2019-08-12 20:51:06.551', NULL, NULL, '');
INSERT INTO `act_hi_actinst` VALUES ('147531', 'easy-leave-request:2:145013', '147529', '147529', 'startEvent', NULL, NULL, '', 'startEvent', NULL, '2019-08-12 20:51:51.227', '2019-08-12 20:51:51.229', 2, '');
INSERT INTO `act_hi_actinst` VALUES ('147533', 'easy-leave-request:2:145013', '147529', '147529', 'hrAudit', '147534', NULL, '', 'userTask', 'zhangdali', '2019-08-12 20:51:51.229', NULL, NULL, '');
INSERT INTO `act_hi_actinst` VALUES ('150004', 'easy-leave-request:2:145013', '150001', '150001', 'startEvent', NULL, NULL, '', 'startEvent', NULL, '2019-08-12 21:02:17.591', '2019-08-12 21:02:17.606', 15, '');
INSERT INTO `act_hi_actinst` VALUES ('150006', 'easy-leave-request:2:145013', '150001', '150001', 'hrAudit', '150007', NULL, '', 'userTask', 'zhangdali', '2019-08-12 21:02:17.607', NULL, NULL, '');
INSERT INTO `act_hi_actinst` VALUES ('150012', 'easy-leave-request:2:145013', '150009', '150009', 'startEvent', NULL, NULL, '', 'startEvent', NULL, '2019-08-12 21:04:19.949', '2019-08-12 21:04:19.952', 3, '');
INSERT INTO `act_hi_actinst` VALUES ('150014', 'easy-leave-request:2:145013', '150009', '150009', 'hrAudit', '150015', NULL, '', 'userTask', 'zhangdali', '2019-08-12 21:04:19.952', NULL, NULL, '');
INSERT INTO `act_hi_actinst` VALUES ('90009', 'easy-leave-request:1:90006', '90007', '90007', 'startEvent', NULL, NULL, '', 'startEvent', NULL, '2019-07-28 18:09:54.441', '2019-07-28 18:09:54.455', 14, '');
INSERT INTO `act_hi_actinst` VALUES ('90011', 'easy-leave-request:1:90006', '90007', '90007', 'hrAudit', '90012', NULL, '', 'userTask', 'zhangdali', '2019-07-28 18:09:54.455', '2019-07-28 18:20:18.809', 624354, '');
INSERT INTO `act_hi_actinst` VALUES ('90018', 'easy-leave-request:1:90006', '90007', '90007', 'exclusivegateway1', NULL, NULL, '', 'exclusiveGateway', NULL, '2019-07-28 18:20:18.809', '2019-07-28 18:20:18.817', 8, '');
INSERT INTO `act_hi_actinst` VALUES ('90019', 'easy-leave-request:1:90006', '90007', '90007', 'adjustForm', '90020', NULL, '', 'userTask', 'admin', '2019-07-28 18:20:18.817', '2019-07-28 18:37:31.101', 1032284, '');
INSERT INTO `act_hi_actinst` VALUES ('90024', 'easy-leave-request:1:90006', '90022', '90022', 'startEvent', NULL, NULL, '', 'startEvent', NULL, '2019-07-28 18:32:14.845', '2019-07-28 18:32:14.847', 2, '');
INSERT INTO `act_hi_actinst` VALUES ('90026', 'easy-leave-request:1:90006', '90022', '90022', 'hrAudit', '90027', NULL, '', 'userTask', 'zhangdali', '2019-07-28 18:32:14.847', '2019-07-29 18:14:44.841', 85349994, '');
INSERT INTO `act_hi_actinst` VALUES ('90030', 'easy-leave-request:1:90006', '90007', '90007', 'hrAudit', '90031', NULL, '', 'userTask', 'zhangdali', '2019-07-28 18:37:31.101', '2019-07-28 18:38:09.297', 38196, '');
INSERT INTO `act_hi_actinst` VALUES ('90035', 'easy-leave-request:1:90006', '90007', '90007', 'exclusivegateway1', NULL, NULL, '', 'exclusiveGateway', NULL, '2019-07-28 18:38:09.297', '2019-07-28 18:38:09.297', 0, '');
INSERT INTO `act_hi_actinst` VALUES ('90036', 'easy-leave-request:1:90006', '90007', '90007', 'financeAudit', '90037', NULL, '', 'userTask', 'limengcai', '2019-07-28 18:38:09.297', '2019-07-28 18:39:06.628', 57331, '');
INSERT INTO `act_hi_actinst` VALUES ('90043', 'easy-leave-request:1:90006', '90007', '90007', 'exclusivegateway2', NULL, NULL, '', 'exclusiveGateway', NULL, '2019-07-28 18:39:06.628', '2019-07-28 18:39:06.628', 0, '');
INSERT INTO `act_hi_actinst` VALUES ('90044', 'easy-leave-request:1:90006', '90007', '90007', 'getResult', '90045', NULL, '', 'userTask', 'admin', '2019-07-28 18:39:06.628', '2019-07-28 18:42:21.223', 194595, '');
INSERT INTO `act_hi_actinst` VALUES ('90049', 'easy-leave-request:1:90006', '90007', '90007', 'hrLook', '90050', NULL, '', 'userTask', 'zhangdali', '2019-07-28 18:42:21.223', '2019-07-30 17:44:03.480', 169302257, '');
INSERT INTO `act_hi_actinst` VALUES ('95004', 'easy-leave-request:1:90006', '90022', '90022', 'exclusivegateway1', NULL, NULL, '', 'exclusiveGateway', NULL, '2019-07-29 18:14:44.842', '2019-07-29 18:14:44.851', 9, '');
INSERT INTO `act_hi_actinst` VALUES ('95005', 'easy-leave-request:1:90006', '90022', '90022', 'financeAudit', '95006', NULL, '', 'userTask', 'limengcai', '2019-07-29 18:14:44.851', '2019-08-01 20:56:26.679', 268901828, '');

-- ----------------------------
-- Table structure for act_hi_attachment
-- ----------------------------
DROP TABLE IF EXISTS `act_hi_attachment`;
CREATE TABLE `act_hi_attachment`  (
  `ID_` varchar(64) CHARACTER SET utf8 COLLATE utf8_bin NOT NULL,
  `REV_` int(11) NULL DEFAULT NULL,
  `USER_ID_` varchar(255) CHARACTER SET utf8 COLLATE utf8_bin NULL DEFAULT NULL,
  `NAME_` varchar(255) CHARACTER SET utf8 COLLATE utf8_bin NULL DEFAULT NULL,
  `DESCRIPTION_` varchar(4000) CHARACTER SET utf8 COLLATE utf8_bin NULL DEFAULT NULL,
  `TYPE_` varchar(255) CHARACTER SET utf8 COLLATE utf8_bin NULL DEFAULT NULL,
  `TASK_ID_` varchar(64) CHARACTER SET utf8 COLLATE utf8_bin NULL DEFAULT NULL,
  `PROC_INST_ID_` varchar(64) CHARACTER SET utf8 COLLATE utf8_bin NULL DEFAULT NULL,
  `URL_` varchar(4000) CHARACTER SET utf8 COLLATE utf8_bin NULL DEFAULT NULL,
  `CONTENT_ID_` varchar(64) CHARACTER SET utf8 COLLATE utf8_bin NULL DEFAULT NULL,
  `TIME_` datetime(3) NULL DEFAULT NULL,
  PRIMARY KEY (`ID_`) USING BTREE
) ENGINE = InnoDB CHARACTER SET = utf8 COLLATE = utf8_bin ROW_FORMAT = Dynamic;

-- ----------------------------
-- Table structure for act_hi_comment
-- ----------------------------
DROP TABLE IF EXISTS `act_hi_comment`;
CREATE TABLE `act_hi_comment`  (
  `ID_` varchar(64) CHARACTER SET utf8 COLLATE utf8_bin NOT NULL,
  `TYPE_` varchar(255) CHARACTER SET utf8 COLLATE utf8_bin NULL DEFAULT NULL,
  `TIME_` datetime(3) NOT NULL,
  `USER_ID_` varchar(255) CHARACTER SET utf8 COLLATE utf8_bin NULL DEFAULT NULL,
  `TASK_ID_` varchar(64) CHARACTER SET utf8 COLLATE utf8_bin NULL DEFAULT NULL,
  `PROC_INST_ID_` varchar(64) CHARACTER SET utf8 COLLATE utf8_bin NULL DEFAULT NULL,
  `ACTION_` varchar(255) CHARACTER SET utf8 COLLATE utf8_bin NULL DEFAULT NULL,
  `MESSAGE_` varchar(4000) CHARACTER SET utf8 COLLATE utf8_bin NULL DEFAULT NULL,
  `FULL_MSG_` longblob NULL,
  PRIMARY KEY (`ID_`) USING BTREE
) ENGINE = InnoDB CHARACTER SET = utf8 COLLATE = utf8_bin ROW_FORMAT = Dynamic;

-- ----------------------------
-- Records of act_hi_comment
-- ----------------------------
INSERT INTO `act_hi_comment` VALUES ('117517', 'comment', '2019-08-01 20:11:48.771', NULL, '117513', '117508', 'AddComment', ': ', 0xE5AEA1E689B9E7BB93E69E9C3A20E5908CE6848F);
INSERT INTO `act_hi_comment` VALUES ('117518', 'comment', '2019-08-01 20:11:48.776', NULL, '117513', '117508', 'AddComment', '', 0xE8B5B5E4B8BDE79A84E5A794E6B4BEE6848FE8A781);
INSERT INTO `act_hi_comment` VALUES ('117521', 'comment', '2019-08-01 20:16:12.045', NULL, '117513', '117508', 'AddComment', ': ', 0xE5AEA1E689B9E7BB93E69E9C3A20E5908CE6848F);
INSERT INTO `act_hi_comment` VALUES ('117522', 'comment', '2019-08-01 20:16:12.050', NULL, '117513', '117508', 'AddComment', '', 0xE5BCA0E6A2A6E8B4A2E79A84E5A794E58A9EE6848FE8A781E595A6E595A6E595A6E595A6E595A6E595A6);
INSERT INTO `act_hi_comment` VALUES ('117523', 'comment', '2019-08-01 20:16:42.640', NULL, '117513', '117508', 'AddComment', ': ', 0xE5AEA1E689B9E7BB93E69E9C3A20E5908CE6848F);
INSERT INTO `act_hi_comment` VALUES ('117524', 'comment', '2019-08-01 20:16:42.645', NULL, '117513', '117508', 'AddComment', '', 0xE6ADA3E5B8B8E9809AE8BF87);
INSERT INTO `act_hi_comment` VALUES ('120001', 'event', '2019-08-01 20:28:20.197', NULL, '117527', NULL, 'AddUserLink', 'limengcai_|_assignee', NULL);
INSERT INTO `act_hi_comment` VALUES ('122502', 'event', '2019-08-01 20:39:34.121', NULL, '117527', NULL, 'AddUserLink', 'zhangdali_|_assignee', NULL);
INSERT INTO `act_hi_comment` VALUES ('122503', 'comment', '2019-08-01 20:42:48.584', NULL, '117527', '117508', 'AddComment', ': ', 0xE5AEA1E689B9E7BB93E69E9C3A20E5908CE6848F);
INSERT INTO `act_hi_comment` VALUES ('122504', 'comment', '2019-08-01 20:42:48.597', NULL, '117527', '117508', 'AddComment', '', 0xE6ADA3E5B8B8E9809AE8BF87);
INSERT INTO `act_hi_comment` VALUES ('122505', 'comment', '2019-08-01 20:52:09.752', NULL, '117527', '117508', 'AddComment', ': ', 0xE5AEA1E689B9E7BB93E69E9C3A20E5908CE6848F);
INSERT INTO `act_hi_comment` VALUES ('122506', 'comment', '2019-08-01 20:52:09.760', NULL, '117527', '117508', 'AddComment', '', 0xE6ADA3E5B8B8E9809AE8BF87);
INSERT INTO `act_hi_comment` VALUES ('132511', 'event', '2019-08-01 21:33:53.296', NULL, '132506', NULL, 'AddUserLink', 'zhaoli_|_assignee', NULL);
INSERT INTO `act_hi_comment` VALUES ('132513', 'event', '2019-08-01 21:34:29.180', NULL, '132506', NULL, 'AddUserLink', 'limengcai_|_assignee', NULL);
INSERT INTO `act_hi_comment` VALUES ('132514', 'comment', '2019-08-01 21:36:30.615', NULL, '132506', '132501', 'AddComment', ': ', 0xE5AEA1E689B9E7BB93E69E9C3A20E5908CE6848F);
INSERT INTO `act_hi_comment` VALUES ('132515', 'comment', '2019-08-01 21:36:30.621', NULL, '132506', '132501', 'AddComment', '', 0xE6ADA3E5B8B8E9809AE8BF87);
INSERT INTO `act_hi_comment` VALUES ('132522', 'event', '2019-08-01 21:36:52.906', NULL, '132519', NULL, 'AddUserLink', 'zhangdali_|_assignee', NULL);
INSERT INTO `act_hi_comment` VALUES ('132523', 'comment', '2019-08-01 21:37:59.859', NULL, '132519', '132501', 'AddComment', ': ', 0xE5AEA1E689B9E7BB93E69E9C3A20E68B92E7BB9D);
INSERT INTO `act_hi_comment` VALUES ('132524', 'comment', '2019-08-01 21:37:59.865', NULL, '132519', '132501', 'AddComment', '', 0xE8B083E695B4E794B3E8AFB7);
INSERT INTO `act_hi_comment` VALUES ('132529', 'comment', '2019-08-01 21:38:43.840', NULL, '132527', '132501', 'AddComment', '', 0xE5B7B2E7BB8FE8B083E695B4);
INSERT INTO `act_hi_comment` VALUES ('132533', 'comment', '2019-08-01 21:40:34.422', NULL, '132531', '132501', 'AddComment', ': ', 0xE5AEA1E689B9E7BB93E69E9C3A20E5908CE6848F);
INSERT INTO `act_hi_comment` VALUES ('132534', 'comment', '2019-08-01 21:40:34.427', NULL, '132531', '132501', 'AddComment', '', 0xE6ADA3E5B8B8E9809AE8BF87);
INSERT INTO `act_hi_comment` VALUES ('132539', 'comment', '2019-08-01 21:40:53.015', NULL, '132537', '132501', 'AddComment', ': ', 0xE5AEA1E689B9E7BB93E69E9C3A20E5908CE6848F);
INSERT INTO `act_hi_comment` VALUES ('132540', 'comment', '2019-08-01 21:40:53.020', NULL, '132537', '132501', 'AddComment', '', 0xE6ADA3E5B8B8E9809AE8BF87);
INSERT INTO `act_hi_comment` VALUES ('132544', 'comment', '2019-08-01 21:41:24.628', NULL, '132543', '132501', 'AddComment', ': 2019-08-01 21:41:22', 0xE99480E58187E697B6E997B43A20323031392D30382D30312032313A34313A3232);
INSERT INTO `act_hi_comment` VALUES ('132545', 'comment', '2019-08-01 21:41:24.632', NULL, '132543', '132501', 'AddComment', '', 0xE6ADA3E5B8B8E9809AE8BF87);
INSERT INTO `act_hi_comment` VALUES ('132550', 'comment', '2019-08-01 21:42:38.631', NULL, '132548', '132501', 'AddComment', '', 0xE59198E5B7A5E6ADA3E5B8B8E588B0E5B297E38082);
INSERT INTO `act_hi_comment` VALUES ('132560', 'comment', '2019-08-01 21:52:14.287', NULL, '132557', '132552', 'AddComment', ': ', 0xE5AEA1E689B9E7BB93E69E9C3A20E5908CE6848F);
INSERT INTO `act_hi_comment` VALUES ('132561', 'comment', '2019-08-01 21:52:14.293', NULL, '132557', '132552', 'AddComment', '', 0xE6ADA3E5B8B8E9809AE8BF87);
INSERT INTO `act_hi_comment` VALUES ('132569', 'event', '2019-08-01 21:52:25.949', NULL, '132565', NULL, 'AddUserLink', 'zhaoli_|_assignee', NULL);
INSERT INTO `act_hi_comment` VALUES ('132570', 'comment', '2019-08-01 21:52:56.896', NULL, '132565', '132552', 'AddComment', ': ', 0xE5AEA1E689B9E7BB93E69E9C3A20E5908CE6848F);
INSERT INTO `act_hi_comment` VALUES ('132571', 'comment', '2019-08-01 21:52:56.900', NULL, '132565', '132552', 'AddComment', '', 0xE6ADA3E5B8B8E9809AE8BF87);
INSERT INTO `act_hi_comment` VALUES ('135023', 'comment', '2019-08-06 20:42:09.795', NULL, '135020', '135015', 'AddComment', ': ', 0xE5AEA1E689B9E7BB93E69E9C3A20E68B92E7BB9D);
INSERT INTO `act_hi_comment` VALUES ('135024', 'comment', '2019-08-06 20:42:09.801', NULL, '135020', '135015', 'AddComment', '', 0xE8AFB7E58187E697B6E997B4E8BF87E995BFEFBC8CE8AFB7E8B083E695B4E794B3E8AFB7);
INSERT INTO `act_hi_comment` VALUES ('137501', 'comment', '2019-08-06 21:31:56.309', NULL, '135028', '135015', 'AddComment', '', 0xE5B7B2E7BB8FE8B083E695B4EFBC8CE8AFB7E9878DE696B0E5AEA1E689B9);
INSERT INTO `act_hi_comment` VALUES ('137505', 'comment', '2019-08-06 21:34:05.266', NULL, '137503', '135015', 'AddComment', ': ', 0xE5AEA1E689B9E7BB93E69E9C3A20E5908CE6848F);
INSERT INTO `act_hi_comment` VALUES ('137506', 'comment', '2019-08-06 21:34:05.273', NULL, '137503', '135015', 'AddComment', '', 0xE8B083E695B4E79A84E4B88DE99499EFBC8CE9809AE8BF87E5AEA1E689B9);
INSERT INTO `act_hi_comment` VALUES ('137511', 'comment', '2019-08-06 21:34:41.352', NULL, '137509', '135015', 'AddComment', ': ', 0xE5AEA1E689B9E7BB93E69E9C3A20E5908CE6848F);
INSERT INTO `act_hi_comment` VALUES ('137512', 'comment', '2019-08-06 21:34:41.358', NULL, '137509', '135015', 'AddComment', '', 0xE5B7B2E8AEB0E5BD95E588B0E5B7A5E8B584E88083E58BA4EFBC8CE5908CE6848FE9809AE8BF87);
INSERT INTO `act_hi_comment` VALUES ('137516', 'comment', '2019-08-06 21:43:23.478', NULL, '137515', '135015', 'AddComment', ': 2019-08-06 21:43:19', 0xE99480E58187E697B6E997B43A20323031392D30382D30362032313A34333A3139);
INSERT INTO `act_hi_comment` VALUES ('137517', 'comment', '2019-08-06 21:43:23.488', NULL, '137515', '135015', 'AddComment', '', 0xE6ADA3E5B8B8E9809AE8BF87);
INSERT INTO `act_hi_comment` VALUES ('142505', 'comment', '2019-08-07 20:19:02.054', NULL, '140027', '140022', 'AddComment', ': ', 0xE5AEA1E689B9E7BB93E69E9C3A20E68B92E7BB9D);
INSERT INTO `act_hi_comment` VALUES ('142506', 'comment', '2019-08-07 20:19:02.061', NULL, '140027', '140022', 'AddComment', '', 0xE8AFB7E9878DE696B0E8B083E695B4E794B3E8AFB7);
INSERT INTO `act_hi_comment` VALUES ('90015', 'comment', '2019-07-28 18:20:18.785', NULL, '90012', '90007', 'AddComment', ': ', 0xE5AEA1E689B9E7BB93E69E9C3A20E68B92E7BB9D);
INSERT INTO `act_hi_comment` VALUES ('90016', 'comment', '2019-07-28 18:20:18.791', NULL, '90012', '90007', 'AddComment', '', 0xE8AFB7E6B182E4B88DE59088E79086EFBC8CE8AFB7E9878DE696B0E8B083E695B4E794B3E8AFB7);
INSERT INTO `act_hi_comment` VALUES ('90029', 'comment', '2019-07-28 18:37:31.089', NULL, '90020', '90007', 'AddComment', '', 0xE5B7B2E5819AE79BB8E585B3E8B083E695B4EFBC8CE8AFB7E9878DE696B0E5AEA1E689B9);
INSERT INTO `act_hi_comment` VALUES ('90033', 'comment', '2019-07-28 18:38:09.272', NULL, '90031', '90007', 'AddComment', ': ', 0xE5AEA1E689B9E7BB93E69E9C3A20E5908CE6848F);
INSERT INTO `act_hi_comment` VALUES ('90034', 'comment', '2019-07-28 18:38:09.277', NULL, '90031', '90007', 'AddComment', '', 0xE6ADA3E5B8B8E9809AE8BF87);
INSERT INTO `act_hi_comment` VALUES ('90041', 'comment', '2019-07-28 18:39:06.607', NULL, '90037', '90007', 'AddComment', ': ', 0xE5AEA1E689B9E7BB93E69E9C3A20E5908CE6848F);
INSERT INTO `act_hi_comment` VALUES ('90042', 'comment', '2019-07-28 18:39:06.611', NULL, '90037', '90007', 'AddComment', '', 0xE6ADA3E5B8B8E9809AE8BF87);
INSERT INTO `act_hi_comment` VALUES ('90046', 'comment', '2019-07-28 18:42:21.205', NULL, '90045', '90007', 'AddComment', ': 2019-07-30 18:42:18', 0xE99480E58187E697B6E997B43A20323031392D30372D33302031383A34323A3138);
INSERT INTO `act_hi_comment` VALUES ('90047', 'comment', '2019-07-28 18:42:21.209', NULL, '90045', '90007', 'AddComment', '', 0xE6ADA3E5B8B8E9809AE8BF87);
INSERT INTO `act_hi_comment` VALUES ('95001', 'comment', '2019-07-29 18:14:44.784', NULL, '90027', '90022', 'AddComment', ': ', 0xE5AEA1E689B9E7BB93E69E9C3A20E5908CE6848F);
INSERT INTO `act_hi_comment` VALUES ('95002', 'comment', '2019-07-29 18:14:44.801', NULL, '90027', '90022', 'AddComment', '', 0xE6ADA3E5B8B8E9809AE8BF87);

-- ----------------------------
-- Table structure for act_hi_detail
-- ----------------------------
DROP TABLE IF EXISTS `act_hi_detail`;
CREATE TABLE `act_hi_detail`  (
  `ID_` varchar(64) CHARACTER SET utf8 COLLATE utf8_bin NOT NULL,
  `TYPE_` varchar(255) CHARACTER SET utf8 COLLATE utf8_bin NOT NULL,
  `PROC_INST_ID_` varchar(64) CHARACTER SET utf8 COLLATE utf8_bin NULL DEFAULT NULL,
  `EXECUTION_ID_` varchar(64) CHARACTER SET utf8 COLLATE utf8_bin NULL DEFAULT NULL,
  `TASK_ID_` varchar(64) CHARACTER SET utf8 COLLATE utf8_bin NULL DEFAULT NULL,
  `ACT_INST_ID_` varchar(64) CHARACTER SET utf8 COLLATE utf8_bin NULL DEFAULT NULL,
  `NAME_` varchar(255) CHARACTER SET utf8 COLLATE utf8_bin NOT NULL,
  `VAR_TYPE_` varchar(255) CHARACTER SET utf8 COLLATE utf8_bin NULL DEFAULT NULL,
  `REV_` int(11) NULL DEFAULT NULL,
  `TIME_` datetime(3) NOT NULL,
  `BYTEARRAY_ID_` varchar(64) CHARACTER SET utf8 COLLATE utf8_bin NULL DEFAULT NULL,
  `DOUBLE_` double NULL DEFAULT NULL,
  `LONG_` bigint(20) NULL DEFAULT NULL,
  `TEXT_` varchar(4000) CHARACTER SET utf8 COLLATE utf8_bin NULL DEFAULT NULL,
  `TEXT2_` varchar(4000) CHARACTER SET utf8 COLLATE utf8_bin NULL DEFAULT NULL,
  PRIMARY KEY (`ID_`) USING BTREE,
  INDEX `ACT_IDX_HI_DETAIL_PROC_INST`(`PROC_INST_ID_`) USING BTREE,
  INDEX `ACT_IDX_HI_DETAIL_ACT_INST`(`ACT_INST_ID_`) USING BTREE,
  INDEX `ACT_IDX_HI_DETAIL_TIME`(`TIME_`) USING BTREE,
  INDEX `ACT_IDX_HI_DETAIL_NAME`(`NAME_`) USING BTREE,
  INDEX `ACT_IDX_HI_DETAIL_TASK_ID`(`TASK_ID_`) USING BTREE
) ENGINE = InnoDB CHARACTER SET = utf8 COLLATE = utf8_bin ROW_FORMAT = Dynamic;

-- ----------------------------
-- Table structure for act_hi_identitylink
-- ----------------------------
DROP TABLE IF EXISTS `act_hi_identitylink`;
CREATE TABLE `act_hi_identitylink`  (
  `ID_` varchar(64) CHARACTER SET utf8 COLLATE utf8_bin NOT NULL,
  `GROUP_ID_` varchar(255) CHARACTER SET utf8 COLLATE utf8_bin NULL DEFAULT NULL,
  `TYPE_` varchar(255) CHARACTER SET utf8 COLLATE utf8_bin NULL DEFAULT NULL,
  `USER_ID_` varchar(255) CHARACTER SET utf8 COLLATE utf8_bin NULL DEFAULT NULL,
  `TASK_ID_` varchar(64) CHARACTER SET utf8 COLLATE utf8_bin NULL DEFAULT NULL,
  `PROC_INST_ID_` varchar(64) CHARACTER SET utf8 COLLATE utf8_bin NULL DEFAULT NULL,
  PRIMARY KEY (`ID_`) USING BTREE,
  INDEX `ACT_IDX_HI_IDENT_LNK_USER`(`USER_ID_`) USING BTREE,
  INDEX `ACT_IDX_HI_IDENT_LNK_TASK`(`TASK_ID_`) USING BTREE,
  INDEX `ACT_IDX_HI_IDENT_LNK_PROCINST`(`PROC_INST_ID_`) USING BTREE
) ENGINE = InnoDB CHARACTER SET = utf8 COLLATE = utf8_bin ROW_FORMAT = Dynamic;

-- ----------------------------
-- Records of act_hi_identitylink
-- ----------------------------
INSERT INTO `act_hi_identitylink` VALUES ('102513', NULL, 'participant', 'limengcai', NULL, '90022');
INSERT INTO `act_hi_identitylink` VALUES ('117514', 'role_hrStaff', 'candidate', NULL, '117513', NULL);
INSERT INTO `act_hi_identitylink` VALUES ('117515', NULL, 'participant', 'zhangdali', NULL, '117508');
INSERT INTO `act_hi_identitylink` VALUES ('117516', NULL, 'participant', 'zhaoli', NULL, '117508');
INSERT INTO `act_hi_identitylink` VALUES ('117520', NULL, 'participant', 'limengcai', NULL, '117508');
INSERT INTO `act_hi_identitylink` VALUES ('117528', 'role_finance', 'candidate', NULL, '117527', NULL);
INSERT INTO `act_hi_identitylink` VALUES ('122510', NULL, 'participant', 'admin', NULL, '117508');
INSERT INTO `act_hi_identitylink` VALUES ('130007', 'role_hrStaff', 'candidate', NULL, '130006', NULL);
INSERT INTO `act_hi_identitylink` VALUES ('130008', NULL, 'participant', 'zhangdali', NULL, '130001');
INSERT INTO `act_hi_identitylink` VALUES ('130009', NULL, 'participant', 'zhaoli', NULL, '130001');
INSERT INTO `act_hi_identitylink` VALUES ('132507', 'role_hrStaff', 'candidate', NULL, '132506', NULL);
INSERT INTO `act_hi_identitylink` VALUES ('132508', NULL, 'participant', 'zhangdali', NULL, '132501');
INSERT INTO `act_hi_identitylink` VALUES ('132510', NULL, 'participant', 'zhaoli', NULL, '132501');
INSERT INTO `act_hi_identitylink` VALUES ('132512', NULL, 'participant', 'limengcai', NULL, '132501');
INSERT INTO `act_hi_identitylink` VALUES ('132520', 'role_finance', 'candidate', NULL, '132519', NULL);
INSERT INTO `act_hi_identitylink` VALUES ('132528', NULL, 'participant', 'admin', NULL, '132501');
INSERT INTO `act_hi_identitylink` VALUES ('132532', 'role_hrStaff', 'candidate', NULL, '132531', NULL);
INSERT INTO `act_hi_identitylink` VALUES ('132538', 'role_finance', 'candidate', NULL, '132537', NULL);
INSERT INTO `act_hi_identitylink` VALUES ('132549', 'role_hrStaff', 'candidate', NULL, '132548', NULL);
INSERT INTO `act_hi_identitylink` VALUES ('132558', 'role_hrStaff', 'candidate', NULL, '132557', NULL);
INSERT INTO `act_hi_identitylink` VALUES ('132559', NULL, 'participant', 'zhangdali', NULL, '132552');
INSERT INTO `act_hi_identitylink` VALUES ('132566', 'role_finance', 'candidate', NULL, '132565', NULL);
INSERT INTO `act_hi_identitylink` VALUES ('132568', NULL, 'participant', 'zhaoli', NULL, '132552');
INSERT INTO `act_hi_identitylink` VALUES ('132575', NULL, 'participant', 'admin', NULL, '132552');
INSERT INTO `act_hi_identitylink` VALUES ('135007', 'role_hrStaff', 'candidate', NULL, '135006', NULL);
INSERT INTO `act_hi_identitylink` VALUES ('135014', 'role_hrStaff', 'candidate', NULL, '135013', NULL);
INSERT INTO `act_hi_identitylink` VALUES ('135021', 'role_hrStaff', 'candidate', NULL, '135020', NULL);
INSERT INTO `act_hi_identitylink` VALUES ('135022', NULL, 'participant', 'zhangdali', NULL, '135015');
INSERT INTO `act_hi_identitylink` VALUES ('135029', NULL, 'participant', 'admin', NULL, '135015');
INSERT INTO `act_hi_identitylink` VALUES ('137504', 'role_hrStaff', 'candidate', NULL, '137503', NULL);
INSERT INTO `act_hi_identitylink` VALUES ('137510', 'role_finance', 'candidate', NULL, '137509', NULL);
INSERT INTO `act_hi_identitylink` VALUES ('137521', 'role_hrStaff', 'candidate', NULL, '137520', NULL);
INSERT INTO `act_hi_identitylink` VALUES ('140007', 'role_hrStaff', 'candidate', NULL, '140006', NULL);
INSERT INTO `act_hi_identitylink` VALUES ('140014', 'role_hrStaff', 'candidate', NULL, '140013', NULL);
INSERT INTO `act_hi_identitylink` VALUES ('140021', 'role_hrStaff', 'candidate', NULL, '140020', NULL);
INSERT INTO `act_hi_identitylink` VALUES ('140028', 'role_hrStaff', 'candidate', NULL, '140027', NULL);
INSERT INTO `act_hi_identitylink` VALUES ('142501', NULL, 'participant', 'zhangdali', NULL, '140022');
INSERT INTO `act_hi_identitylink` VALUES ('142502', NULL, 'participant', 'zhangdali', NULL, '140015');
INSERT INTO `act_hi_identitylink` VALUES ('142503', NULL, 'participant', 'zhangdali', NULL, '140008');
INSERT INTO `act_hi_identitylink` VALUES ('142504', NULL, 'participant', 'zhangdali', NULL, '140001');
INSERT INTO `act_hi_identitylink` VALUES ('142511', NULL, 'participant', 'admin', NULL, '140022');
INSERT INTO `act_hi_identitylink` VALUES ('142518', 'role_hrStaff', 'candidate', NULL, '142517', NULL);
INSERT INTO `act_hi_identitylink` VALUES ('142525', 'role_hrStaff', 'candidate', NULL, '142524', NULL);
INSERT INTO `act_hi_identitylink` VALUES ('145007', 'role_hrStaff', 'candidate', NULL, '145006', NULL);
INSERT INTO `act_hi_identitylink` VALUES ('145020', 'role_hrStaff', 'candidate', NULL, '145019', NULL);
INSERT INTO `act_hi_identitylink` VALUES ('145027', 'role_hrStaff', 'candidate', NULL, '145026', NULL);
INSERT INTO `act_hi_identitylink` VALUES ('147507', 'role_hrStaff', 'candidate', NULL, '147506', NULL);
INSERT INTO `act_hi_identitylink` VALUES ('147514', 'role_hrStaff', 'candidate', NULL, '147513', NULL);
INSERT INTO `act_hi_identitylink` VALUES ('147521', 'role_hrStaff', 'candidate', NULL, '147520', NULL);
INSERT INTO `act_hi_identitylink` VALUES ('147528', 'role_hrStaff', 'candidate', NULL, '147527', NULL);
INSERT INTO `act_hi_identitylink` VALUES ('147535', 'role_hrStaff', 'candidate', NULL, '147534', NULL);
INSERT INTO `act_hi_identitylink` VALUES ('150003', NULL, 'starter', 'admin', NULL, '150001');
INSERT INTO `act_hi_identitylink` VALUES ('150008', 'role_hrStaff', 'candidate', NULL, '150007', NULL);
INSERT INTO `act_hi_identitylink` VALUES ('150011', NULL, 'starter', 'zhangdali', NULL, '150009');
INSERT INTO `act_hi_identitylink` VALUES ('150016', 'role_hrStaff', 'candidate', NULL, '150015', NULL);
INSERT INTO `act_hi_identitylink` VALUES ('152501', NULL, 'participant', 'zhangdali', NULL, '150001');
INSERT INTO `act_hi_identitylink` VALUES ('152502', NULL, 'participant', 'zhangdali', NULL, '147529');
INSERT INTO `act_hi_identitylink` VALUES ('152503', NULL, 'participant', 'zhangdali', NULL, '147522');
INSERT INTO `act_hi_identitylink` VALUES ('152504', NULL, 'participant', 'zhangdali', NULL, '147515');
INSERT INTO `act_hi_identitylink` VALUES ('152505', NULL, 'participant', 'zhangdali', NULL, '147508');
INSERT INTO `act_hi_identitylink` VALUES ('152506', NULL, 'participant', 'zhangdali', NULL, '147501');
INSERT INTO `act_hi_identitylink` VALUES ('152507', NULL, 'participant', 'zhangdali', NULL, '145021');
INSERT INTO `act_hi_identitylink` VALUES ('152508', NULL, 'participant', 'zhangdali', NULL, '145014');
INSERT INTO `act_hi_identitylink` VALUES ('152509', NULL, 'participant', 'zhangdali', NULL, '145001');
INSERT INTO `act_hi_identitylink` VALUES ('152510', NULL, 'participant', 'zhangdali', NULL, '142519');
INSERT INTO `act_hi_identitylink` VALUES ('152511', NULL, 'participant', 'zhangdali', NULL, '135008');
INSERT INTO `act_hi_identitylink` VALUES ('152512', NULL, 'participant', 'zhangdali', NULL, '142512');
INSERT INTO `act_hi_identitylink` VALUES ('152513', NULL, 'participant', 'zhangdali', NULL, '135001');
INSERT INTO `act_hi_identitylink` VALUES ('90013', 'role_hrStaff', 'candidate', NULL, '90012', NULL);
INSERT INTO `act_hi_identitylink` VALUES ('90014', NULL, 'participant', 'zhangdali', NULL, '90007');
INSERT INTO `act_hi_identitylink` VALUES ('90021', NULL, 'participant', 'admin', NULL, '90007');
INSERT INTO `act_hi_identitylink` VALUES ('90028', 'role_hrStaff', 'candidate', NULL, '90027', NULL);
INSERT INTO `act_hi_identitylink` VALUES ('90032', 'role_hrStaff', 'candidate', NULL, '90031', NULL);
INSERT INTO `act_hi_identitylink` VALUES ('90038', 'role_finance', 'candidate', NULL, '90037', NULL);
INSERT INTO `act_hi_identitylink` VALUES ('90039', NULL, 'participant', 'zhangdali', NULL, '90022');
INSERT INTO `act_hi_identitylink` VALUES ('90040', NULL, 'participant', 'limengcai', NULL, '90007');
INSERT INTO `act_hi_identitylink` VALUES ('90051', 'role_hrStaff', 'candidate', NULL, '90050', NULL);
INSERT INTO `act_hi_identitylink` VALUES ('95007', 'role_finance', 'candidate', NULL, '95006', NULL);

-- ----------------------------
-- Table structure for act_hi_procinst
-- ----------------------------
DROP TABLE IF EXISTS `act_hi_procinst`;
CREATE TABLE `act_hi_procinst`  (
  `ID_` varchar(64) CHARACTER SET utf8 COLLATE utf8_bin NOT NULL,
  `PROC_INST_ID_` varchar(64) CHARACTER SET utf8 COLLATE utf8_bin NOT NULL,
  `BUSINESS_KEY_` varchar(255) CHARACTER SET utf8 COLLATE utf8_bin NULL DEFAULT NULL,
  `PROC_DEF_ID_` varchar(64) CHARACTER SET utf8 COLLATE utf8_bin NOT NULL,
  `START_TIME_` datetime(3) NOT NULL,
  `END_TIME_` datetime(3) NULL DEFAULT NULL,
  `DURATION_` bigint(20) NULL DEFAULT NULL,
  `START_USER_ID_` varchar(255) CHARACTER SET utf8 COLLATE utf8_bin NULL DEFAULT NULL,
  `START_ACT_ID_` varchar(255) CHARACTER SET utf8 COLLATE utf8_bin NULL DEFAULT NULL,
  `END_ACT_ID_` varchar(255) CHARACTER SET utf8 COLLATE utf8_bin NULL DEFAULT NULL,
  `SUPER_PROCESS_INSTANCE_ID_` varchar(64) CHARACTER SET utf8 COLLATE utf8_bin NULL DEFAULT NULL,
  `DELETE_REASON_` varchar(4000) CHARACTER SET utf8 COLLATE utf8_bin NULL DEFAULT NULL,
  `TENANT_ID_` varchar(255) CHARACTER SET utf8 COLLATE utf8_bin NULL DEFAULT '',
  `NAME_` varchar(255) CHARACTER SET utf8 COLLATE utf8_bin NULL DEFAULT NULL,
  PRIMARY KEY (`ID_`) USING BTREE,
  UNIQUE INDEX `PROC_INST_ID_`(`PROC_INST_ID_`) USING BTREE,
  INDEX `ACT_IDX_HI_PRO_INST_END`(`END_TIME_`) USING BTREE,
  INDEX `ACT_IDX_HI_PRO_I_BUSKEY`(`BUSINESS_KEY_`) USING BTREE
) ENGINE = InnoDB CHARACTER SET = utf8 COLLATE = utf8_bin ROW_FORMAT = Dynamic;

-- ----------------------------
-- Records of act_hi_procinst
-- ----------------------------
INSERT INTO `act_hi_procinst` VALUES ('117508', '117508', '606579249603674112', 'easy-leave-request:1:90006', '2019-08-01 20:09:22.902', '2019-08-01 20:56:26.167', 2823265, NULL, 'startEvent', NULL, NULL, '', '', '-(  2019/08/01 20:09 )');
INSERT INTO `act_hi_procinst` VALUES ('130001', '130001', '606598803989987328', 'easy-leave-request:1:90006', '2019-08-01 21:27:04.998', '2019-08-01 21:32:46.720', 341722, NULL, 'startEvent', NULL, NULL, '', '', '-(  2019/08/01 21:27 )');
INSERT INTO `act_hi_procinst` VALUES ('132501', '132501', '606600426585849856', 'easy-leave-request:1:90006', '2019-08-01 21:33:31.852', '2019-08-01 21:42:38.646', 546794, NULL, 'startEvent', 'endEvent', NULL, NULL, '', '-(  2019/08/01 21:33 )');
INSERT INTO `act_hi_procinst` VALUES ('132552', '132552', '606604332569198592', 'easy-leave-request:1:90006', '2019-08-01 21:49:03.061', NULL, NULL, NULL, 'startEvent', NULL, NULL, NULL, '', '-(  2019/08/01 21:49 )');
INSERT INTO `act_hi_procinst` VALUES ('135001', '135001', '608398348000428032', 'easy-leave-request:1:90006', '2019-08-06 20:37:49.789', NULL, NULL, NULL, 'startEvent', NULL, NULL, NULL, '', '-(  2019/08/06 20:37 )');
INSERT INTO `act_hi_procinst` VALUES ('135008', '135008', '608398403646259200', 'easy-leave-request:1:90006', '2019-08-06 20:38:02.932', NULL, NULL, NULL, 'startEvent', NULL, NULL, NULL, '', '-(  2019/08/06 20:38 )');
INSERT INTO `act_hi_procinst` VALUES ('135015', '135015', '608399144565866496', 'easy-leave-request:1:90006', '2019-08-06 20:40:59.584', NULL, NULL, NULL, 'startEvent', NULL, NULL, NULL, '', '-(  2019/08/06 20:40 )');
INSERT INTO `act_hi_procinst` VALUES ('140001', '140001', '608416701440065536', 'easy-leave-request:1:90006', '2019-08-06 21:50:45.568', NULL, NULL, NULL, 'startEvent', NULL, NULL, NULL, '', '-(  2019/08/06 21:50 )');
INSERT INTO `act_hi_procinst` VALUES ('140008', '140008', '608417195575214080', 'easy-leave-request:1:90006', '2019-08-06 21:52:43.276', NULL, NULL, NULL, 'startEvent', NULL, NULL, NULL, '', '-(  2019/08/06 21:52 )');
INSERT INTO `act_hi_procinst` VALUES ('140015', '140015', '608417461812854784', 'easy-leave-request:1:90006', '2019-08-06 21:53:46.751', NULL, NULL, NULL, 'startEvent', NULL, NULL, NULL, '', '-(  2019/08/06 21:53 )');
INSERT INTO `act_hi_procinst` VALUES ('140022', '140022', '608418559122472960', 'easy-leave-request:1:90006', '2019-08-06 21:58:08.375', NULL, NULL, NULL, 'startEvent', NULL, NULL, NULL, '', '-(  2019/08/06 21:58 )');
INSERT INTO `act_hi_procinst` VALUES ('142512', '142512', '608765670804422656', 'easy-leave-request:1:90006', '2019-08-07 20:57:26.317', NULL, NULL, NULL, 'startEvent', NULL, NULL, NULL, '', '-(  2019/08/07 20:57 )');
INSERT INTO `act_hi_procinst` VALUES ('142519', '142519', '608766674887245824', 'easy-leave-request:1:90006', '2019-08-07 21:01:25.636', NULL, NULL, NULL, 'startEvent', NULL, NULL, NULL, '', '-(  2019/08/07 21:01 )');
INSERT INTO `act_hi_procinst` VALUES ('145001', '145001', '609494155491540992', 'easy-leave-request:1:90006', '2019-08-09 21:12:10.651', NULL, NULL, NULL, 'startEvent', NULL, NULL, NULL, '', '-(  2019/08/09 21:12 )');
INSERT INTO `act_hi_procinst` VALUES ('145014', '145014', '609504741789007872', 'easy-leave-request:2:145013', '2019-08-09 21:54:14.497', NULL, NULL, NULL, 'startEvent', NULL, NULL, NULL, '', '-(  2019/08/09 21:54 )');
INSERT INTO `act_hi_procinst` VALUES ('145021', '145021', '609506260680704000', 'easy-leave-request:2:145013', '2019-08-09 22:00:16.636', NULL, NULL, NULL, 'startEvent', NULL, NULL, NULL, '', '-(  2019/08/09 22:00 )');
INSERT INTO `act_hi_procinst` VALUES ('147501', '147501', '610568045957480448', 'easy-leave-request:2:145013', '2019-08-12 20:19:26.093', NULL, NULL, NULL, 'startEvent', NULL, NULL, NULL, '', '-(  2019/08/12 20:19 )');
INSERT INTO `act_hi_procinst` VALUES ('147508', '147508', '610574602468327424', 'easy-leave-request:2:145013', '2019-08-12 20:45:29.168', NULL, NULL, NULL, 'startEvent', NULL, NULL, NULL, '', '-(  2019/08/12 20:45 )');
INSERT INTO `act_hi_procinst` VALUES ('147515', '147515', '610574769758142464', 'easy-leave-request:2:145013', '2019-08-12 20:46:09.051', NULL, NULL, NULL, 'startEvent', NULL, NULL, NULL, '', '-(  2019/08/12 20:46 )');
INSERT INTO `act_hi_procinst` VALUES ('147522', '147522', '610576017559388160', 'easy-leave-request:2:145013', '2019-08-12 20:51:06.550', NULL, NULL, NULL, 'startEvent', NULL, NULL, NULL, '', '-(  2019/08/12 20:51 )');
INSERT INTO `act_hi_procinst` VALUES ('147529', '147529', '610576204952502272', 'easy-leave-request:2:145013', '2019-08-12 20:51:51.227', NULL, NULL, NULL, 'startEvent', NULL, NULL, NULL, '', '-(  2019/08/12 20:51 )');
INSERT INTO `act_hi_procinst` VALUES ('150001', '150001', '610578831643770880', 'easy-leave-request:2:145013', '2019-08-12 21:02:17.591', NULL, NULL, 'admin', 'startEvent', NULL, NULL, NULL, '', '-(  2019/08/12 21:02 )');
INSERT INTO `act_hi_procinst` VALUES ('150009', '150009', '610579345307598848', 'easy-leave-request:2:145013', '2019-08-12 21:04:19.949', NULL, NULL, 'zhangdali', 'startEvent', NULL, NULL, NULL, '', '-(  2019/08/12 21:04 )');
INSERT INTO `act_hi_procinst` VALUES ('90007', '90007', '605099631369519104', 'easy-leave-request:1:90006', '2019-07-28 18:09:54.441', '2019-07-30 17:44:03.483', 171249042, NULL, 'startEvent', NULL, NULL, '', '', '-(  2019/07/28 18:09 )');
INSERT INTO `act_hi_procinst` VALUES ('90022', '90022', '605105253888557056', 'easy-leave-request:1:90006', '2019-07-28 18:32:14.845', '2019-08-01 20:56:26.681', 354251836, NULL, 'startEvent', NULL, NULL, '', '', '-(  2019/07/28 18:32 )');

-- ----------------------------
-- Table structure for act_hi_taskinst
-- ----------------------------
DROP TABLE IF EXISTS `act_hi_taskinst`;
CREATE TABLE `act_hi_taskinst`  (
  `ID_` varchar(64) CHARACTER SET utf8 COLLATE utf8_bin NOT NULL,
  `PROC_DEF_ID_` varchar(64) CHARACTER SET utf8 COLLATE utf8_bin NULL DEFAULT NULL,
  `TASK_DEF_KEY_` varchar(255) CHARACTER SET utf8 COLLATE utf8_bin NULL DEFAULT NULL,
  `PROC_INST_ID_` varchar(64) CHARACTER SET utf8 COLLATE utf8_bin NULL DEFAULT NULL,
  `EXECUTION_ID_` varchar(64) CHARACTER SET utf8 COLLATE utf8_bin NULL DEFAULT NULL,
  `NAME_` varchar(255) CHARACTER SET utf8 COLLATE utf8_bin NULL DEFAULT NULL,
  `PARENT_TASK_ID_` varchar(64) CHARACTER SET utf8 COLLATE utf8_bin NULL DEFAULT NULL,
  `DESCRIPTION_` varchar(4000) CHARACTER SET utf8 COLLATE utf8_bin NULL DEFAULT NULL,
  `OWNER_` varchar(255) CHARACTER SET utf8 COLLATE utf8_bin NULL DEFAULT NULL,
  `ASSIGNEE_` varchar(255) CHARACTER SET utf8 COLLATE utf8_bin NULL DEFAULT NULL,
  `START_TIME_` datetime(3) NOT NULL,
  `CLAIM_TIME_` datetime(3) NULL DEFAULT NULL,
  `END_TIME_` datetime(3) NULL DEFAULT NULL,
  `DURATION_` bigint(20) NULL DEFAULT NULL,
  `DELETE_REASON_` varchar(4000) CHARACTER SET utf8 COLLATE utf8_bin NULL DEFAULT NULL,
  `PRIORITY_` int(11) NULL DEFAULT NULL,
  `DUE_DATE_` datetime(3) NULL DEFAULT NULL,
  `FORM_KEY_` varchar(255) CHARACTER SET utf8 COLLATE utf8_bin NULL DEFAULT NULL,
  `CATEGORY_` varchar(255) CHARACTER SET utf8 COLLATE utf8_bin NULL DEFAULT NULL,
  `TENANT_ID_` varchar(255) CHARACTER SET utf8 COLLATE utf8_bin NULL DEFAULT '',
  PRIMARY KEY (`ID_`) USING BTREE,
  INDEX `ACT_IDX_HI_TASK_INST_PROCINST`(`PROC_INST_ID_`) USING BTREE
) ENGINE = InnoDB CHARACTER SET = utf8 COLLATE = utf8_bin ROW_FORMAT = Dynamic;

-- ----------------------------
-- Records of act_hi_taskinst
-- ----------------------------
INSERT INTO `act_hi_taskinst` VALUES ('117513', 'easy-leave-request:1:90006', 'hrAudit', '117508', '117508', '', NULL, NULL, 'zhangdali', 'zhangdali', '2019-08-01 20:09:22.909', '2019-08-01 20:09:47.375', '2019-08-01 20:16:42.660', 439751, 'completed', 50, NULL, 'audit.form', NULL, '');
INSERT INTO `act_hi_taskinst` VALUES ('117527', 'easy-leave-request:1:90006', 'financeAudit', '117508', '117508', '', NULL, ' ', 'zhangdali', 'zhangdali', '2019-08-01 20:16:42.672', '2019-08-01 20:17:07.721', '2019-08-01 20:52:09.782', 2127110, 'completed', 50, NULL, 'audit.form', NULL, '');
INSERT INTO `act_hi_taskinst` VALUES ('122509', 'easy-leave-request:1:90006', 'getResult', '117508', '117508', '', NULL, '    ', NULL, 'admin', '2019-08-01 20:52:09.812', NULL, '2019-08-01 20:56:26.139', 256327, '', 50, NULL, 'available.form', NULL, '');
INSERT INTO `act_hi_taskinst` VALUES ('130006', 'easy-leave-request:1:90006', 'hrAudit', '130001', '130001', '', NULL, NULL, 'zhangdali', 'zhaoli', '2019-08-01 21:27:05.008', '2019-08-01 21:27:23.656', '2019-08-01 21:32:46.705', 341697, '', 50, NULL, 'audit.form', NULL, '');
INSERT INTO `act_hi_taskinst` VALUES ('132506', 'easy-leave-request:1:90006', 'hrAudit', '132501', '132501', '', NULL, NULL, NULL, 'limengcai', '2019-08-01 21:33:31.859', '2019-08-01 21:33:47.165', '2019-08-01 21:36:30.639', 178780, 'completed', 50, NULL, 'audit.form', NULL, '');
INSERT INTO `act_hi_taskinst` VALUES ('132519', 'easy-leave-request:1:90006', 'financeAudit', '132501', '132501', '', NULL, ' ', NULL, 'zhangdali', '2019-08-01 21:36:30.648', '2019-08-01 21:36:40.592', '2019-08-01 21:37:59.881', 89233, 'completed', 50, NULL, 'audit.form', NULL, '');
INSERT INTO `act_hi_taskinst` VALUES ('132527', 'easy-leave-request:1:90006', 'adjustForm', '132501', '132501', '', NULL, '   ', NULL, 'admin', '2019-08-01 21:37:59.884', NULL, '2019-08-01 21:38:43.849', 43965, 'completed', 50, NULL, NULL, NULL, '');
INSERT INTO `act_hi_taskinst` VALUES ('132531', 'easy-leave-request:1:90006', 'hrAudit', '132501', '132501', '', NULL, NULL, NULL, 'zhangdali', '2019-08-01 21:38:43.854', '2019-08-01 21:39:19.318', '2019-08-01 21:40:34.441', 110587, 'completed', 50, NULL, 'audit.form', NULL, '');
INSERT INTO `act_hi_taskinst` VALUES ('132537', 'easy-leave-request:1:90006', 'financeAudit', '132501', '132501', '', NULL, ' ', NULL, 'zhangdali', '2019-08-01 21:40:34.444', '2019-08-01 21:40:47.879', '2019-08-01 21:40:53.034', 18590, 'completed', 50, NULL, 'audit.form', NULL, '');
INSERT INTO `act_hi_taskinst` VALUES ('132543', 'easy-leave-request:1:90006', 'getResult', '132501', '132501', '', NULL, '    ', NULL, 'admin', '2019-08-01 21:40:53.037', NULL, '2019-08-01 21:41:24.644', 31607, 'completed', 50, NULL, 'available.form', NULL, '');
INSERT INTO `act_hi_taskinst` VALUES ('132548', 'easy-leave-request:1:90006', 'hrLook', '132501', '132501', '', NULL, ' ', NULL, 'zhangdali', '2019-08-01 21:41:24.647', '2019-08-01 21:42:14.526', '2019-08-01 21:42:38.639', 73992, 'completed', 50, NULL, NULL, NULL, '');
INSERT INTO `act_hi_taskinst` VALUES ('132557', 'easy-leave-request:1:90006', 'hrAudit', '132552', '132552', '', NULL, NULL, NULL, 'zhangdali', '2019-08-01 21:49:03.064', '2019-08-01 21:52:04.328', '2019-08-01 21:52:14.303', 191239, 'completed', 50, NULL, 'audit.form', NULL, '');
INSERT INTO `act_hi_taskinst` VALUES ('132565', 'easy-leave-request:1:90006', 'financeAudit', '132552', '132552', '', NULL, ' ', NULL, 'zhaoli', '2019-08-01 21:52:14.306', '2019-08-01 21:52:19.767', '2019-08-01 21:52:56.912', 42606, 'completed', 50, NULL, 'audit.form', NULL, '');
INSERT INTO `act_hi_taskinst` VALUES ('132574', 'easy-leave-request:1:90006', 'getResult', '132552', '132552', '', NULL, '    ', NULL, 'admin', '2019-08-01 21:52:56.916', NULL, NULL, NULL, NULL, 50, NULL, 'available.form', NULL, '');
INSERT INTO `act_hi_taskinst` VALUES ('135006', 'easy-leave-request:1:90006', 'hrAudit', '135001', '135001', '', NULL, NULL, NULL, 'zhangdali', '2019-08-06 20:37:49.811', '2019-08-22 12:48:24.925', NULL, NULL, NULL, 50, NULL, 'audit.form', NULL, '');
INSERT INTO `act_hi_taskinst` VALUES ('135013', 'easy-leave-request:1:90006', 'hrAudit', '135008', '135008', '', NULL, NULL, NULL, 'zhangdali', '2019-08-06 20:38:02.936', '2019-08-22 12:48:19.520', NULL, NULL, NULL, 50, NULL, 'audit.form', NULL, '');
INSERT INTO `act_hi_taskinst` VALUES ('135020', 'easy-leave-request:1:90006', 'hrAudit', '135015', '135015', '', NULL, NULL, NULL, 'zhangdali', '2019-08-06 20:40:59.589', '2019-08-06 20:41:48.957', '2019-08-06 20:42:09.817', 70228, 'completed', 50, NULL, 'audit.form', NULL, '');
INSERT INTO `act_hi_taskinst` VALUES ('135028', 'easy-leave-request:1:90006', 'adjustForm', '135015', '135015', '', NULL, '   ', NULL, 'admin', '2019-08-06 20:42:09.828', NULL, '2019-08-06 21:31:56.334', 2986506, 'completed', 50, NULL, NULL, NULL, '');
INSERT INTO `act_hi_taskinst` VALUES ('137503', 'easy-leave-request:1:90006', 'hrAudit', '135015', '135015', '', NULL, NULL, NULL, 'zhangdali', '2019-08-06 21:31:56.360', '2019-08-06 21:33:42.953', '2019-08-06 21:34:05.291', 128931, 'completed', 50, NULL, 'audit.form', NULL, '');
INSERT INTO `act_hi_taskinst` VALUES ('137509', 'easy-leave-request:1:90006', 'financeAudit', '135015', '135015', '', NULL, ' ', NULL, 'zhangdali', '2019-08-06 21:34:05.312', '2019-08-06 21:34:14.231', '2019-08-06 21:34:41.373', 36061, 'completed', 50, NULL, 'audit.form', NULL, '');
INSERT INTO `act_hi_taskinst` VALUES ('137515', 'easy-leave-request:1:90006', 'getResult', '135015', '135015', '', NULL, '    ', NULL, 'admin', '2019-08-06 21:34:41.378', NULL, '2019-08-06 21:43:23.500', 522122, 'completed', 50, NULL, 'available.form', NULL, '');
INSERT INTO `act_hi_taskinst` VALUES ('137520', 'easy-leave-request:1:90006', 'hrLook', '135015', '135015', '', NULL, ' ', NULL, 'zhangdali', '2019-08-06 21:43:23.503', '2019-08-06 21:46:47.010', NULL, NULL, NULL, 50, NULL, NULL, NULL, '');
INSERT INTO `act_hi_taskinst` VALUES ('140006', 'easy-leave-request:1:90006', 'hrAudit', '140001', '140001', '', NULL, NULL, NULL, 'zhangdali', '2019-08-06 21:50:45.586', '2019-08-07 20:18:32.333', NULL, NULL, NULL, 50, NULL, 'audit.form', NULL, '');
INSERT INTO `act_hi_taskinst` VALUES ('140013', 'easy-leave-request:1:90006', 'hrAudit', '140008', '140008', '', NULL, NULL, NULL, 'zhangdali', '2019-08-06 21:52:43.280', '2019-08-07 20:18:29.785', NULL, NULL, NULL, 50, NULL, 'audit.form', NULL, '');
INSERT INTO `act_hi_taskinst` VALUES ('140020', 'easy-leave-request:1:90006', 'hrAudit', '140015', '140015', '', NULL, NULL, NULL, 'zhangdali', '2019-08-06 21:53:46.754', '2019-08-07 20:18:27.327', NULL, NULL, NULL, 50, NULL, 'audit.form', NULL, '');
INSERT INTO `act_hi_taskinst` VALUES ('140027', 'easy-leave-request:1:90006', 'hrAudit', '140022', '140022', '', NULL, NULL, NULL, 'zhangdali', '2019-08-06 21:58:08.379', '2019-08-07 20:18:23.900', '2019-08-07 20:19:02.075', 80453696, 'completed', 50, NULL, 'audit.form', NULL, '');
INSERT INTO `act_hi_taskinst` VALUES ('142510', 'easy-leave-request:1:90006', 'adjustForm', '140022', '140022', '', NULL, '   ', NULL, 'admin', '2019-08-07 20:19:02.088', NULL, NULL, NULL, NULL, 50, NULL, NULL, NULL, '');
INSERT INTO `act_hi_taskinst` VALUES ('142517', 'easy-leave-request:1:90006', 'hrAudit', '142512', '142512', '', NULL, NULL, NULL, 'zhangdali', '2019-08-07 20:57:26.321', '2019-08-22 12:48:22.333', NULL, NULL, NULL, 50, NULL, 'audit.form', NULL, '');
INSERT INTO `act_hi_taskinst` VALUES ('142524', 'easy-leave-request:1:90006', 'hrAudit', '142519', '142519', '', NULL, NULL, NULL, 'zhangdali', '2019-08-07 21:01:25.639', '2019-08-22 12:48:16.964', NULL, NULL, NULL, 50, NULL, 'audit.form', NULL, '');
INSERT INTO `act_hi_taskinst` VALUES ('145006', 'easy-leave-request:1:90006', 'hrAudit', '145001', '145001', '', NULL, NULL, NULL, 'zhangdali', '2019-08-09 21:12:10.671', '2019-08-22 12:48:14.254', NULL, NULL, NULL, 50, NULL, 'audit.form', NULL, '');
INSERT INTO `act_hi_taskinst` VALUES ('145019', 'easy-leave-request:2:145013', 'hrAudit', '145014', '145014', '', NULL, NULL, NULL, 'zhangdali', '2019-08-09 21:54:14.500', '2019-08-22 12:48:11.412', NULL, NULL, NULL, 50, NULL, 'audit.form', NULL, '');
INSERT INTO `act_hi_taskinst` VALUES ('145026', 'easy-leave-request:2:145013', 'hrAudit', '145021', '145021', '', NULL, NULL, NULL, 'zhangdali', '2019-08-09 22:00:16.638', '2019-08-22 12:48:07.387', NULL, NULL, NULL, 50, NULL, 'audit.form', NULL, '');
INSERT INTO `act_hi_taskinst` VALUES ('147506', 'easy-leave-request:2:145013', 'hrAudit', '147501', '147501', '', NULL, NULL, NULL, 'zhangdali', '2019-08-12 20:19:26.112', '2019-08-22 12:48:04.739', NULL, NULL, NULL, 50, NULL, 'audit.form', NULL, '');
INSERT INTO `act_hi_taskinst` VALUES ('147513', 'easy-leave-request:2:145013', 'hrAudit', '147508', '147508', '', NULL, NULL, NULL, 'zhangdali', '2019-08-12 20:45:29.171', '2019-08-22 12:48:01.961', NULL, NULL, NULL, 50, NULL, 'audit.form', NULL, '');
INSERT INTO `act_hi_taskinst` VALUES ('147520', 'easy-leave-request:2:145013', 'hrAudit', '147515', '147515', '', NULL, NULL, NULL, 'zhangdali', '2019-08-12 20:46:09.055', '2019-08-22 12:47:59.794', NULL, NULL, NULL, 50, NULL, 'audit.form', NULL, '');
INSERT INTO `act_hi_taskinst` VALUES ('147527', 'easy-leave-request:2:145013', 'hrAudit', '147522', '147522', '', NULL, NULL, NULL, 'zhangdali', '2019-08-12 20:51:06.552', '2019-08-22 12:47:57.247', NULL, NULL, NULL, 50, NULL, 'audit.form', NULL, '');
INSERT INTO `act_hi_taskinst` VALUES ('147534', 'easy-leave-request:2:145013', 'hrAudit', '147529', '147529', '', NULL, NULL, NULL, 'zhangdali', '2019-08-12 20:51:51.230', '2019-08-22 12:47:54.951', NULL, NULL, NULL, 50, NULL, 'audit.form', NULL, '');
INSERT INTO `act_hi_taskinst` VALUES ('150007', 'easy-leave-request:2:145013', 'hrAudit', '150001', '150001', '', NULL, NULL, NULL, 'zhangdali', '2019-08-12 21:02:17.610', '2019-08-22 12:47:52.266', NULL, NULL, NULL, 50, NULL, 'audit.form', NULL, '');
INSERT INTO `act_hi_taskinst` VALUES ('150015', 'easy-leave-request:2:145013', 'hrAudit', '150009', '150009', '', NULL, NULL, NULL, 'zhangdali', '2019-08-12 21:04:19.954', '2019-08-22 12:47:47.164', NULL, NULL, NULL, 50, NULL, 'audit.form', NULL, '');
INSERT INTO `act_hi_taskinst` VALUES ('90012', 'easy-leave-request:1:90006', 'hrAudit', '90007', '90007', '', NULL, NULL, NULL, 'zhangdali', '2019-07-28 18:09:54.458', '2019-07-28 18:20:02.079', '2019-07-28 18:20:18.805', 624347, 'completed', 50, NULL, 'audit.form', NULL, '');
INSERT INTO `act_hi_taskinst` VALUES ('90020', 'easy-leave-request:1:90006', 'adjustForm', '90007', '90007', '', NULL, '   ', NULL, 'admin', '2019-07-28 18:20:18.817', NULL, '2019-07-28 18:37:31.097', 1032280, 'completed', 50, NULL, NULL, NULL, '');
INSERT INTO `act_hi_taskinst` VALUES ('90027', 'easy-leave-request:1:90006', 'hrAudit', '90022', '90022', '', NULL, NULL, NULL, 'zhangdali', '2019-07-28 18:32:14.848', '2019-07-28 18:38:12.044', '2019-07-29 18:14:44.824', 85349976, 'completed', 50, NULL, 'audit.form', NULL, '');
INSERT INTO `act_hi_taskinst` VALUES ('90031', 'easy-leave-request:1:90006', 'hrAudit', '90007', '90007', '', NULL, NULL, NULL, 'zhangdali', '2019-07-28 18:37:31.102', '2019-07-28 18:37:53.678', '2019-07-28 18:38:09.292', 38190, 'completed', 50, NULL, 'audit.form', NULL, '');
INSERT INTO `act_hi_taskinst` VALUES ('90037', 'easy-leave-request:1:90006', 'financeAudit', '90007', '90007', '', NULL, ' ', NULL, 'limengcai', '2019-07-28 18:38:09.297', '2019-07-28 18:38:28.387', '2019-07-28 18:39:06.624', 57327, 'completed', 50, NULL, 'audit.form', NULL, '');
INSERT INTO `act_hi_taskinst` VALUES ('90045', 'easy-leave-request:1:90006', 'getResult', '90007', '90007', '', NULL, '    ', NULL, 'admin', '2019-07-28 18:39:06.628', NULL, '2019-07-28 18:42:21.220', 194592, 'completed', 50, NULL, 'available.form', NULL, '');
INSERT INTO `act_hi_taskinst` VALUES ('90050', 'easy-leave-request:1:90006', 'hrLook', '90007', '90007', '', NULL, ' ', NULL, 'zhangdali', '2019-07-28 18:42:21.223', '2019-07-29 18:14:50.597', '2019-07-30 17:44:03.463', 169302240, '', 50, NULL, NULL, NULL, '');
INSERT INTO `act_hi_taskinst` VALUES ('95006', 'easy-leave-request:1:90006', 'financeAudit', '90022', '90022', '', NULL, ' ', NULL, 'limengcai', '2019-07-29 18:14:44.851', '2019-07-30 18:52:01.231', '2019-08-01 20:56:26.673', 268901822, '', 50, NULL, 'audit.form', NULL, '');

-- ----------------------------
-- Table structure for act_hi_varinst
-- ----------------------------
DROP TABLE IF EXISTS `act_hi_varinst`;
CREATE TABLE `act_hi_varinst`  (
  `ID_` varchar(64) CHARACTER SET utf8 COLLATE utf8_bin NOT NULL,
  `PROC_INST_ID_` varchar(64) CHARACTER SET utf8 COLLATE utf8_bin NULL DEFAULT NULL,
  `EXECUTION_ID_` varchar(64) CHARACTER SET utf8 COLLATE utf8_bin NULL DEFAULT NULL,
  `TASK_ID_` varchar(64) CHARACTER SET utf8 COLLATE utf8_bin NULL DEFAULT NULL,
  `NAME_` varchar(255) CHARACTER SET utf8 COLLATE utf8_bin NOT NULL,
  `VAR_TYPE_` varchar(100) CHARACTER SET utf8 COLLATE utf8_bin NULL DEFAULT NULL,
  `REV_` int(11) NULL DEFAULT NULL,
  `BYTEARRAY_ID_` varchar(64) CHARACTER SET utf8 COLLATE utf8_bin NULL DEFAULT NULL,
  `DOUBLE_` double NULL DEFAULT NULL,
  `LONG_` bigint(20) NULL DEFAULT NULL,
  `TEXT_` varchar(4000) CHARACTER SET utf8 COLLATE utf8_bin NULL DEFAULT NULL,
  `TEXT2_` varchar(4000) CHARACTER SET utf8 COLLATE utf8_bin NULL DEFAULT NULL,
  `CREATE_TIME_` datetime(3) NULL DEFAULT NULL,
  `LAST_UPDATED_TIME_` datetime(3) NULL DEFAULT NULL,
  PRIMARY KEY (`ID_`) USING BTREE,
  INDEX `ACT_IDX_HI_PROCVAR_PROC_INST`(`PROC_INST_ID_`) USING BTREE,
  INDEX `ACT_IDX_HI_PROCVAR_NAME_TYPE`(`NAME_`, `VAR_TYPE_`) USING BTREE,
  INDEX `ACT_IDX_HI_PROCVAR_TASK_ID`(`TASK_ID_`) USING BTREE
) ENGINE = InnoDB CHARACTER SET = utf8 COLLATE = utf8_bin ROW_FORMAT = Dynamic;

-- ----------------------------
-- Records of act_hi_varinst
-- ----------------------------
INSERT INTO `act_hi_varinst` VALUES ('117509', '117508', '117508', NULL, 'initiator', 'string', 1, NULL, NULL, NULL, 'admin', NULL, '2019-08-01 20:09:22.902', '2019-08-01 20:56:26.186');
INSERT INTO `act_hi_varinst` VALUES ('117511', '117508', '117508', NULL, 'businessForm', 'string', 1, NULL, NULL, NULL, 'form_leave', NULL, '2019-08-01 20:09:22.902', '2019-08-01 20:56:26.186');
INSERT INTO `act_hi_varinst` VALUES ('117519', '117508', '117508', NULL, 'fp_auditResult', 'string', 5, NULL, NULL, NULL, '', NULL, '2019-08-01 20:11:48.786', '2019-08-01 20:56:26.186');
INSERT INTO `act_hi_varinst` VALUES ('122501', '117508', '117508', NULL, 'lastAssignee', 'string', 1, NULL, NULL, NULL, 'limengcai', NULL, '2019-08-01 20:39:34.083', '2019-08-01 20:56:26.186');
INSERT INTO `act_hi_varinst` VALUES ('130002', '130001', '130001', NULL, 'initiator', 'string', 1, NULL, NULL, NULL, 'admin', NULL, '2019-08-01 21:27:04.997', '2019-08-01 21:32:46.727');
INSERT INTO `act_hi_varinst` VALUES ('130004', '130001', '130001', NULL, 'businessForm', 'string', 1, NULL, NULL, NULL, 'form_leave', NULL, '2019-08-01 21:27:04.998', '2019-08-01 21:32:46.727');
INSERT INTO `act_hi_varinst` VALUES ('132502', '132501', '132501', NULL, 'initiator', 'string', 1, NULL, NULL, NULL, 'admin', NULL, '2019-08-01 21:33:31.852', '2019-08-01 21:42:38.653');
INSERT INTO `act_hi_varinst` VALUES ('132504', '132501', '132501', NULL, 'businessForm', 'string', 1, NULL, NULL, NULL, 'form_leave', NULL, '2019-08-01 21:33:31.852', '2019-08-01 21:42:38.653');
INSERT INTO `act_hi_varinst` VALUES ('132509', '132501', '132501', '132506', 'lastAssignee', 'string', 1, NULL, NULL, NULL, 'zhaoli', NULL, '2019-08-01 21:33:53.276', '2019-08-01 21:34:29.157');
INSERT INTO `act_hi_varinst` VALUES ('132516', '132501', '132501', NULL, 'fp_auditResult', 'string', 4, NULL, NULL, NULL, '', NULL, '2019-08-01 21:36:30.632', '2019-08-01 21:42:38.653');
INSERT INTO `act_hi_varinst` VALUES ('132521', '132501', '132501', '132519', 'lastAssignee', 'string', 0, NULL, NULL, NULL, 'limengcai', NULL, '2019-08-01 21:36:52.882', '2019-08-01 21:36:52.882');
INSERT INTO `act_hi_varinst` VALUES ('132546', '132501', '132501', NULL, 'fp_availableTime', 'string', 1, NULL, NULL, NULL, '2019-08-01 21:41:22', NULL, '2019-08-01 21:41:24.639', '2019-08-01 21:42:38.653');
INSERT INTO `act_hi_varinst` VALUES ('132553', '132552', '132552', NULL, 'initiator', 'string', 0, NULL, NULL, NULL, 'admin', NULL, '2019-08-01 21:49:03.061', '2019-08-01 21:49:03.061');
INSERT INTO `act_hi_varinst` VALUES ('132555', '132552', '132552', NULL, 'businessForm', 'string', 0, NULL, NULL, NULL, 'form_leave', NULL, '2019-08-01 21:49:03.061', '2019-08-01 21:49:03.061');
INSERT INTO `act_hi_varinst` VALUES ('132562', '132552', '132552', NULL, 'fp_auditResult', 'string', 1, NULL, NULL, NULL, '', NULL, '2019-08-01 21:52:14.298', '2019-08-01 21:52:56.907');
INSERT INTO `act_hi_varinst` VALUES ('132567', '132552', '132552', '132565', 'lastAssignee', 'string', 0, NULL, NULL, NULL, 'zhangdali', NULL, '2019-08-01 21:52:25.930', '2019-08-01 21:52:25.930');
INSERT INTO `act_hi_varinst` VALUES ('135002', '135001', '135001', NULL, 'initiator', 'string', 0, NULL, NULL, NULL, 'admin', NULL, '2019-08-06 20:37:49.788', '2019-08-06 20:37:49.790');
INSERT INTO `act_hi_varinst` VALUES ('135004', '135001', '135001', NULL, 'businessForm', 'string', 0, NULL, NULL, NULL, 'form_leave', NULL, '2019-08-06 20:37:49.790', '2019-08-06 20:37:49.790');
INSERT INTO `act_hi_varinst` VALUES ('135009', '135008', '135008', NULL, 'initiator', 'string', 0, NULL, NULL, NULL, 'admin', NULL, '2019-08-06 20:38:02.932', '2019-08-06 20:38:02.932');
INSERT INTO `act_hi_varinst` VALUES ('135011', '135008', '135008', NULL, 'businessForm', 'string', 0, NULL, NULL, NULL, 'form_leave', NULL, '2019-08-06 20:38:02.932', '2019-08-06 20:38:02.932');
INSERT INTO `act_hi_varinst` VALUES ('135016', '135015', '135015', NULL, 'initiator', 'string', 0, NULL, NULL, NULL, 'admin', NULL, '2019-08-06 20:40:59.584', '2019-08-06 20:40:59.584');
INSERT INTO `act_hi_varinst` VALUES ('135018', '135015', '135015', NULL, 'businessForm', 'string', 0, NULL, NULL, NULL, 'form_leave', NULL, '2019-08-06 20:40:59.584', '2019-08-06 20:40:59.584');
INSERT INTO `act_hi_varinst` VALUES ('135025', '135015', '135015', NULL, 'fp_auditResult', 'string', 2, NULL, NULL, NULL, '', NULL, '2019-08-06 20:42:09.808', '2019-08-06 21:34:41.367');
INSERT INTO `act_hi_varinst` VALUES ('137518', '135015', '135015', NULL, 'fp_availableTime', 'string', 0, NULL, NULL, NULL, '2019-08-06 21:43:19', NULL, '2019-08-06 21:43:23.494', '2019-08-06 21:43:23.494');
INSERT INTO `act_hi_varinst` VALUES ('140002', '140001', '140001', NULL, 'initiator', 'string', 0, NULL, NULL, NULL, 'admin', NULL, '2019-08-06 21:50:45.567', '2019-08-06 21:50:45.568');
INSERT INTO `act_hi_varinst` VALUES ('140004', '140001', '140001', NULL, 'businessForm', 'string', 0, NULL, NULL, NULL, 'form_leave', NULL, '2019-08-06 21:50:45.568', '2019-08-06 21:50:45.568');
INSERT INTO `act_hi_varinst` VALUES ('140009', '140008', '140008', NULL, 'initiator', 'string', 0, NULL, NULL, NULL, 'admin', NULL, '2019-08-06 21:52:43.276', '2019-08-06 21:52:43.276');
INSERT INTO `act_hi_varinst` VALUES ('140011', '140008', '140008', NULL, 'businessForm', 'string', 0, NULL, NULL, NULL, 'form_leave', NULL, '2019-08-06 21:52:43.276', '2019-08-06 21:52:43.276');
INSERT INTO `act_hi_varinst` VALUES ('140016', '140015', '140015', NULL, 'initiator', 'string', 0, NULL, NULL, NULL, 'admin', NULL, '2019-08-06 21:53:46.751', '2019-08-06 21:53:46.751');
INSERT INTO `act_hi_varinst` VALUES ('140018', '140015', '140015', NULL, 'businessForm', 'string', 0, NULL, NULL, NULL, 'form_leave', NULL, '2019-08-06 21:53:46.751', '2019-08-06 21:53:46.751');
INSERT INTO `act_hi_varinst` VALUES ('140023', '140022', '140022', NULL, 'initiator', 'string', 0, NULL, NULL, NULL, 'admin', NULL, '2019-08-06 21:58:08.375', '2019-08-06 21:58:08.375');
INSERT INTO `act_hi_varinst` VALUES ('140025', '140022', '140022', NULL, 'businessForm', 'string', 0, NULL, NULL, NULL, 'form_leave', NULL, '2019-08-06 21:58:08.375', '2019-08-06 21:58:08.375');
INSERT INTO `act_hi_varinst` VALUES ('142507', '140022', '140022', NULL, 'fp_auditResult', 'string', 0, NULL, NULL, NULL, '', NULL, '2019-08-07 20:19:02.068', '2019-08-07 20:19:02.068');
INSERT INTO `act_hi_varinst` VALUES ('142513', '142512', '142512', NULL, 'initiator', 'string', 0, NULL, NULL, NULL, 'admin', NULL, '2019-08-07 20:57:26.317', '2019-08-07 20:57:26.317');
INSERT INTO `act_hi_varinst` VALUES ('142515', '142512', '142512', NULL, 'businessForm', 'string', 0, NULL, NULL, NULL, 'form_leave', NULL, '2019-08-07 20:57:26.317', '2019-08-07 20:57:26.317');
INSERT INTO `act_hi_varinst` VALUES ('142520', '142519', '142519', NULL, 'initiator', 'string', 0, NULL, NULL, NULL, 'admin', NULL, '2019-08-07 21:01:25.636', '2019-08-07 21:01:25.636');
INSERT INTO `act_hi_varinst` VALUES ('142522', '142519', '142519', NULL, 'businessForm', 'string', 0, NULL, NULL, NULL, 'form_leave', NULL, '2019-08-07 21:01:25.636', '2019-08-07 21:01:25.636');
INSERT INTO `act_hi_varinst` VALUES ('145002', '145001', '145001', NULL, 'initiator', 'string', 0, NULL, NULL, NULL, 'admin', NULL, '2019-08-09 21:12:10.650', '2019-08-09 21:12:10.652');
INSERT INTO `act_hi_varinst` VALUES ('145004', '145001', '145001', NULL, 'businessForm', 'string', 0, NULL, NULL, NULL, 'form_leave', NULL, '2019-08-09 21:12:10.652', '2019-08-09 21:12:10.652');
INSERT INTO `act_hi_varinst` VALUES ('145015', '145014', '145014', NULL, 'initiator', 'string', 0, NULL, NULL, NULL, 'admin', NULL, '2019-08-09 21:54:14.497', '2019-08-09 21:54:14.497');
INSERT INTO `act_hi_varinst` VALUES ('145017', '145014', '145014', NULL, 'businessForm', 'string', 0, NULL, NULL, NULL, 'form_leave', NULL, '2019-08-09 21:54:14.497', '2019-08-09 21:54:14.497');
INSERT INTO `act_hi_varinst` VALUES ('145022', '145021', '145021', NULL, 'initiator', 'string', 0, NULL, NULL, NULL, 'admin', NULL, '2019-08-09 22:00:16.635', '2019-08-09 22:00:16.636');
INSERT INTO `act_hi_varinst` VALUES ('145024', '145021', '145021', NULL, 'businessForm', 'string', 0, NULL, NULL, NULL, 'form_leave', NULL, '2019-08-09 22:00:16.636', '2019-08-09 22:00:16.636');
INSERT INTO `act_hi_varinst` VALUES ('147502', '147501', '147501', NULL, 'initiator', 'string', 0, NULL, NULL, NULL, 'admin', NULL, '2019-08-12 20:19:26.092', '2019-08-12 20:19:26.094');
INSERT INTO `act_hi_varinst` VALUES ('147504', '147501', '147501', NULL, 'businessForm', 'string', 0, NULL, NULL, NULL, 'form_leave', NULL, '2019-08-12 20:19:26.094', '2019-08-12 20:19:26.094');
INSERT INTO `act_hi_varinst` VALUES ('147509', '147508', '147508', NULL, 'initiator', 'string', 0, NULL, NULL, NULL, 'admin', NULL, '2019-08-12 20:45:29.168', '2019-08-12 20:45:29.168');
INSERT INTO `act_hi_varinst` VALUES ('147511', '147508', '147508', NULL, 'businessForm', 'string', 0, NULL, NULL, NULL, 'form_leave', NULL, '2019-08-12 20:45:29.168', '2019-08-12 20:45:29.168');
INSERT INTO `act_hi_varinst` VALUES ('147516', '147515', '147515', NULL, 'initiator', 'string', 0, NULL, NULL, NULL, 'admin', NULL, '2019-08-12 20:46:09.051', '2019-08-12 20:46:09.051');
INSERT INTO `act_hi_varinst` VALUES ('147518', '147515', '147515', NULL, 'businessForm', 'string', 0, NULL, NULL, NULL, 'form_leave', NULL, '2019-08-12 20:46:09.051', '2019-08-12 20:46:09.051');
INSERT INTO `act_hi_varinst` VALUES ('147523', '147522', '147522', NULL, 'initiator', 'string', 0, NULL, NULL, NULL, 'admin', NULL, '2019-08-12 20:51:06.550', '2019-08-12 20:51:06.550');
INSERT INTO `act_hi_varinst` VALUES ('147525', '147522', '147522', NULL, 'businessForm', 'string', 0, NULL, NULL, NULL, 'form_leave', NULL, '2019-08-12 20:51:06.550', '2019-08-12 20:51:06.550');
INSERT INTO `act_hi_varinst` VALUES ('147530', '147529', '147529', NULL, 'initiator', 'string', 0, NULL, NULL, NULL, 'admin', NULL, '2019-08-12 20:51:51.227', '2019-08-12 20:51:51.227');
INSERT INTO `act_hi_varinst` VALUES ('147532', '147529', '147529', NULL, 'businessForm', 'string', 0, NULL, NULL, NULL, 'form_leave', NULL, '2019-08-12 20:51:51.227', '2019-08-12 20:51:51.227');
INSERT INTO `act_hi_varinst` VALUES ('150002', '150001', '150001', NULL, 'initiator', 'string', 0, NULL, NULL, NULL, 'admin', NULL, '2019-08-12 21:02:17.587', '2019-08-12 21:02:17.587');
INSERT INTO `act_hi_varinst` VALUES ('150005', '150001', '150001', NULL, 'businessForm', 'string', 0, NULL, NULL, NULL, 'form_leave', NULL, '2019-08-12 21:02:17.591', '2019-08-12 21:02:17.591');
INSERT INTO `act_hi_varinst` VALUES ('150010', '150009', '150009', NULL, 'initiator', 'string', 0, NULL, NULL, NULL, 'zhangdali', NULL, '2019-08-12 21:04:19.946', '2019-08-12 21:04:19.946');
INSERT INTO `act_hi_varinst` VALUES ('150013', '150009', '150009', NULL, 'businessForm', 'string', 0, NULL, NULL, NULL, 'form_leave', NULL, '2019-08-12 21:04:19.949', '2019-08-12 21:04:19.949');
INSERT INTO `act_hi_varinst` VALUES ('90008', '90007', '90007', NULL, 'initiator', 'string', 1, NULL, NULL, NULL, 'admin', NULL, '2019-07-28 18:09:54.440', '2019-07-30 17:44:03.495');
INSERT INTO `act_hi_varinst` VALUES ('90010', '90007', '90007', NULL, 'businessForm', 'string', 1, NULL, NULL, NULL, 'form_leave', NULL, '2019-07-28 18:09:54.441', '2019-07-30 17:44:03.495');
INSERT INTO `act_hi_varinst` VALUES ('90017', '90007', '90007', NULL, 'fp_auditResult', 'string', 3, NULL, NULL, NULL, '', NULL, '2019-07-28 18:20:18.798', '2019-07-30 17:44:03.495');
INSERT INTO `act_hi_varinst` VALUES ('90023', '90022', '90022', NULL, 'initiator', 'string', 1, NULL, NULL, NULL, 'admin', NULL, '2019-07-28 18:32:14.845', '2019-08-01 20:56:26.691');
INSERT INTO `act_hi_varinst` VALUES ('90025', '90022', '90022', NULL, 'businessForm', 'string', 1, NULL, NULL, NULL, 'form_leave', NULL, '2019-07-28 18:32:14.845', '2019-08-01 20:56:26.691');
INSERT INTO `act_hi_varinst` VALUES ('90048', '90007', '90007', NULL, 'fp_availableTime', 'string', 1, NULL, NULL, NULL, '2019-07-30 18:42:18', NULL, '2019-07-28 18:42:21.215', '2019-07-30 17:44:03.495');
INSERT INTO `act_hi_varinst` VALUES ('95003', '90022', '90022', NULL, 'fp_auditResult', 'string', 1, NULL, NULL, NULL, '', NULL, '2019-07-29 18:14:44.811', '2019-08-01 20:56:26.691');

-- ----------------------------
-- Table structure for act_id_group
-- ----------------------------
DROP TABLE IF EXISTS `act_id_group`;
CREATE TABLE `act_id_group`  (
  `ID_` varchar(64) CHARACTER SET utf8 COLLATE utf8_bin NOT NULL,
  `REV_` int(11) NULL DEFAULT NULL,
  `NAME_` varchar(255) CHARACTER SET utf8 COLLATE utf8_bin NULL DEFAULT NULL,
  `TYPE_` varchar(255) CHARACTER SET utf8 COLLATE utf8_bin NULL DEFAULT NULL,
  PRIMARY KEY (`ID_`) USING BTREE
) ENGINE = InnoDB CHARACTER SET = utf8 COLLATE = utf8_bin ROW_FORMAT = Dynamic;

-- ----------------------------
-- Table structure for act_id_info
-- ----------------------------
DROP TABLE IF EXISTS `act_id_info`;
CREATE TABLE `act_id_info`  (
  `ID_` varchar(64) CHARACTER SET utf8 COLLATE utf8_bin NOT NULL,
  `REV_` int(11) NULL DEFAULT NULL,
  `USER_ID_` varchar(64) CHARACTER SET utf8 COLLATE utf8_bin NULL DEFAULT NULL,
  `TYPE_` varchar(64) CHARACTER SET utf8 COLLATE utf8_bin NULL DEFAULT NULL,
  `KEY_` varchar(255) CHARACTER SET utf8 COLLATE utf8_bin NULL DEFAULT NULL,
  `VALUE_` varchar(255) CHARACTER SET utf8 COLLATE utf8_bin NULL DEFAULT NULL,
  `PASSWORD_` longblob NULL,
  `PARENT_ID_` varchar(255) CHARACTER SET utf8 COLLATE utf8_bin NULL DEFAULT NULL,
  PRIMARY KEY (`ID_`) USING BTREE
) ENGINE = InnoDB CHARACTER SET = utf8 COLLATE = utf8_bin ROW_FORMAT = Dynamic;

-- ----------------------------
-- Table structure for act_id_membership
-- ----------------------------
DROP TABLE IF EXISTS `act_id_membership`;
CREATE TABLE `act_id_membership`  (
  `USER_ID_` varchar(64) CHARACTER SET utf8 COLLATE utf8_bin NOT NULL,
  `GROUP_ID_` varchar(64) CHARACTER SET utf8 COLLATE utf8_bin NOT NULL,
  PRIMARY KEY (`USER_ID_`, `GROUP_ID_`) USING BTREE,
  INDEX `ACT_FK_MEMB_GROUP`(`GROUP_ID_`) USING BTREE,
  CONSTRAINT `ACT_FK_MEMB_GROUP` FOREIGN KEY (`GROUP_ID_`) REFERENCES `act_id_group` (`ID_`) ON DELETE RESTRICT ON UPDATE RESTRICT,
  CONSTRAINT `ACT_FK_MEMB_USER` FOREIGN KEY (`USER_ID_`) REFERENCES `act_id_user` (`ID_`) ON DELETE RESTRICT ON UPDATE RESTRICT
) ENGINE = InnoDB CHARACTER SET = utf8 COLLATE = utf8_bin ROW_FORMAT = Dynamic;

-- ----------------------------
-- Table structure for act_id_user
-- ----------------------------
DROP TABLE IF EXISTS `act_id_user`;
CREATE TABLE `act_id_user`  (
  `ID_` varchar(64) CHARACTER SET utf8 COLLATE utf8_bin NOT NULL,
  `REV_` int(11) NULL DEFAULT NULL,
  `FIRST_` varchar(255) CHARACTER SET utf8 COLLATE utf8_bin NULL DEFAULT NULL,
  `LAST_` varchar(255) CHARACTER SET utf8 COLLATE utf8_bin NULL DEFAULT NULL,
  `EMAIL_` varchar(255) CHARACTER SET utf8 COLLATE utf8_bin NULL DEFAULT NULL,
  `PWD_` varchar(255) CHARACTER SET utf8 COLLATE utf8_bin NULL DEFAULT NULL,
  `PICTURE_ID_` varchar(64) CHARACTER SET utf8 COLLATE utf8_bin NULL DEFAULT NULL,
  PRIMARY KEY (`ID_`) USING BTREE
) ENGINE = InnoDB CHARACTER SET = utf8 COLLATE = utf8_bin ROW_FORMAT = Dynamic;

-- ----------------------------
-- Table structure for act_procdef_info
-- ----------------------------
DROP TABLE IF EXISTS `act_procdef_info`;
CREATE TABLE `act_procdef_info`  (
  `ID_` varchar(64) CHARACTER SET utf8 COLLATE utf8_bin NOT NULL,
  `PROC_DEF_ID_` varchar(64) CHARACTER SET utf8 COLLATE utf8_bin NOT NULL,
  `REV_` int(11) NULL DEFAULT NULL,
  `INFO_JSON_ID_` varchar(64) CHARACTER SET utf8 COLLATE utf8_bin NULL DEFAULT NULL,
  PRIMARY KEY (`ID_`) USING BTREE,
  UNIQUE INDEX `ACT_UNIQ_INFO_PROCDEF`(`PROC_DEF_ID_`) USING BTREE,
  INDEX `ACT_IDX_INFO_PROCDEF`(`PROC_DEF_ID_`) USING BTREE,
  INDEX `ACT_FK_INFO_JSON_BA`(`INFO_JSON_ID_`) USING BTREE,
  CONSTRAINT `ACT_FK_INFO_JSON_BA` FOREIGN KEY (`INFO_JSON_ID_`) REFERENCES `act_ge_bytearray` (`ID_`) ON DELETE RESTRICT ON UPDATE RESTRICT,
  CONSTRAINT `ACT_FK_INFO_PROCDEF` FOREIGN KEY (`PROC_DEF_ID_`) REFERENCES `act_re_procdef` (`ID_`) ON DELETE RESTRICT ON UPDATE RESTRICT
) ENGINE = InnoDB CHARACTER SET = utf8 COLLATE = utf8_bin ROW_FORMAT = Dynamic;

-- ----------------------------
-- Table structure for act_re_deployment
-- ----------------------------
DROP TABLE IF EXISTS `act_re_deployment`;
CREATE TABLE `act_re_deployment`  (
  `ID_` varchar(64) CHARACTER SET utf8 COLLATE utf8_bin NOT NULL,
  `NAME_` varchar(255) CHARACTER SET utf8 COLLATE utf8_bin NULL DEFAULT NULL,
  `CATEGORY_` varchar(255) CHARACTER SET utf8 COLLATE utf8_bin NULL DEFAULT NULL,
  `TENANT_ID_` varchar(255) CHARACTER SET utf8 COLLATE utf8_bin NULL DEFAULT '',
  `DEPLOY_TIME_` timestamp(3) NULL DEFAULT NULL,
  PRIMARY KEY (`ID_`) USING BTREE
) ENGINE = InnoDB CHARACTER SET = utf8 COLLATE = utf8_bin ROW_FORMAT = Dynamic;

-- ----------------------------
-- Records of act_re_deployment
-- ----------------------------
INSERT INTO `act_re_deployment` VALUES ('145008', 'ii ', '', '', '2019-08-09 21:23:01.865');
INSERT INTO `act_re_deployment` VALUES ('90001', '', '', '', '2019-07-28 18:09:29.284');

-- ----------------------------
-- Table structure for act_re_model
-- ----------------------------
DROP TABLE IF EXISTS `act_re_model`;
CREATE TABLE `act_re_model`  (
  `ID_` varchar(64) CHARACTER SET utf8 COLLATE utf8_bin NOT NULL,
  `REV_` int(11) NULL DEFAULT NULL,
  `NAME_` varchar(255) CHARACTER SET utf8 COLLATE utf8_bin NULL DEFAULT NULL,
  `KEY_` varchar(255) CHARACTER SET utf8 COLLATE utf8_bin NULL DEFAULT NULL,
  `CATEGORY_` varchar(255) CHARACTER SET utf8 COLLATE utf8_bin NULL DEFAULT NULL,
  `CREATE_TIME_` timestamp(3) NULL DEFAULT NULL,
  `LAST_UPDATE_TIME_` timestamp(3) NULL DEFAULT NULL,
  `VERSION_` int(11) NULL DEFAULT NULL,
  `META_INFO_` varchar(4000) CHARACTER SET utf8 COLLATE utf8_bin NULL DEFAULT NULL,
  `DEPLOYMENT_ID_` varchar(64) CHARACTER SET utf8 COLLATE utf8_bin NULL DEFAULT NULL,
  `EDITOR_SOURCE_VALUE_ID_` varchar(64) CHARACTER SET utf8 COLLATE utf8_bin NULL DEFAULT NULL,
  `EDITOR_SOURCE_EXTRA_VALUE_ID_` varchar(64) CHARACTER SET utf8 COLLATE utf8_bin NULL DEFAULT NULL,
  `TENANT_ID_` varchar(255) CHARACTER SET utf8 COLLATE utf8_bin NULL DEFAULT '',
  PRIMARY KEY (`ID_`) USING BTREE,
  INDEX `ACT_FK_MODEL_SOURCE`(`EDITOR_SOURCE_VALUE_ID_`) USING BTREE,
  INDEX `ACT_FK_MODEL_SOURCE_EXTRA`(`EDITOR_SOURCE_EXTRA_VALUE_ID_`) USING BTREE,
  INDEX `ACT_FK_MODEL_DEPLOYMENT`(`DEPLOYMENT_ID_`) USING BTREE,
  CONSTRAINT `ACT_FK_MODEL_DEPLOYMENT` FOREIGN KEY (`DEPLOYMENT_ID_`) REFERENCES `act_re_deployment` (`ID_`) ON DELETE RESTRICT ON UPDATE RESTRICT,
  CONSTRAINT `ACT_FK_MODEL_SOURCE` FOREIGN KEY (`EDITOR_SOURCE_VALUE_ID_`) REFERENCES `act_ge_bytearray` (`ID_`) ON DELETE RESTRICT ON UPDATE RESTRICT,
  CONSTRAINT `ACT_FK_MODEL_SOURCE_EXTRA` FOREIGN KEY (`EDITOR_SOURCE_EXTRA_VALUE_ID_`) REFERENCES `act_ge_bytearray` (`ID_`) ON DELETE RESTRICT ON UPDATE RESTRICT
) ENGINE = InnoDB CHARACTER SET = utf8 COLLATE = utf8_bin ROW_FORMAT = Dynamic;

-- ----------------------------
-- Table structure for act_re_procdef
-- ----------------------------
DROP TABLE IF EXISTS `act_re_procdef`;
CREATE TABLE `act_re_procdef`  (
  `ID_` varchar(64) CHARACTER SET utf8 COLLATE utf8_bin NOT NULL,
  `REV_` int(11) NULL DEFAULT NULL,
  `CATEGORY_` varchar(255) CHARACTER SET utf8 COLLATE utf8_bin NULL DEFAULT NULL,
  `NAME_` varchar(255) CHARACTER SET utf8 COLLATE utf8_bin NULL DEFAULT NULL,
  `KEY_` varchar(255) CHARACTER SET utf8 COLLATE utf8_bin NOT NULL,
  `VERSION_` int(11) NOT NULL,
  `DEPLOYMENT_ID_` varchar(64) CHARACTER SET utf8 COLLATE utf8_bin NULL DEFAULT NULL,
  `RESOURCE_NAME_` varchar(4000) CHARACTER SET utf8 COLLATE utf8_bin NULL DEFAULT NULL,
  `DGRM_RESOURCE_NAME_` varchar(4000) CHARACTER SET utf8 COLLATE utf8_bin NULL DEFAULT NULL,
  `DESCRIPTION_` varchar(4000) CHARACTER SET utf8 COLLATE utf8_bin NULL DEFAULT NULL,
  `HAS_START_FORM_KEY_` tinyint(4) NULL DEFAULT NULL,
  `HAS_GRAPHICAL_NOTATION_` tinyint(4) NULL DEFAULT NULL,
  `SUSPENSION_STATE_` int(11) NULL DEFAULT NULL,
  `TENANT_ID_` varchar(255) CHARACTER SET utf8 COLLATE utf8_bin NULL DEFAULT '',
  PRIMARY KEY (`ID_`) USING BTREE,
  UNIQUE INDEX `ACT_UNIQ_PROCDEF`(`KEY_`, `VERSION_`, `TENANT_ID_`) USING BTREE
) ENGINE = InnoDB CHARACTER SET = utf8 COLLATE = utf8_bin ROW_FORMAT = Dynamic;

-- ----------------------------
-- Records of act_re_procdef
-- ----------------------------
INSERT INTO `act_re_procdef` VALUES ('easy-leave-request:1:90006', 1, 'qinyou test', '', 'easy-leave-request', 1, '90001', 'leaveProcess.bpmn', 'leaveProcess.png', '', 0, 1, 1, '');
INSERT INTO `act_re_procdef` VALUES ('easy-leave-request:2:145013', 1, 'qinyou test', '', 'easy-leave-request', 2, '145008', 'leaveProcess.bpmn', 'leaveProcess.png', '', 0, 1, 1, '');

-- ----------------------------
-- Table structure for act_ru_event_subscr
-- ----------------------------
DROP TABLE IF EXISTS `act_ru_event_subscr`;
CREATE TABLE `act_ru_event_subscr`  (
  `ID_` varchar(64) CHARACTER SET utf8 COLLATE utf8_bin NOT NULL,
  `REV_` int(11) NULL DEFAULT NULL,
  `EVENT_TYPE_` varchar(255) CHARACTER SET utf8 COLLATE utf8_bin NOT NULL,
  `EVENT_NAME_` varchar(255) CHARACTER SET utf8 COLLATE utf8_bin NULL DEFAULT NULL,
  `EXECUTION_ID_` varchar(64) CHARACTER SET utf8 COLLATE utf8_bin NULL DEFAULT NULL,
  `PROC_INST_ID_` varchar(64) CHARACTER SET utf8 COLLATE utf8_bin NULL DEFAULT NULL,
  `ACTIVITY_ID_` varchar(64) CHARACTER SET utf8 COLLATE utf8_bin NULL DEFAULT NULL,
  `CONFIGURATION_` varchar(255) CHARACTER SET utf8 COLLATE utf8_bin NULL DEFAULT NULL,
  `CREATED_` timestamp(3) NOT NULL DEFAULT CURRENT_TIMESTAMP(3),
  `PROC_DEF_ID_` varchar(64) CHARACTER SET utf8 COLLATE utf8_bin NULL DEFAULT NULL,
  `TENANT_ID_` varchar(255) CHARACTER SET utf8 COLLATE utf8_bin NULL DEFAULT '',
  PRIMARY KEY (`ID_`) USING BTREE,
  INDEX `ACT_IDX_EVENT_SUBSCR_CONFIG_`(`CONFIGURATION_`) USING BTREE,
  INDEX `ACT_FK_EVENT_EXEC`(`EXECUTION_ID_`) USING BTREE,
  CONSTRAINT `ACT_FK_EVENT_EXEC` FOREIGN KEY (`EXECUTION_ID_`) REFERENCES `act_ru_execution` (`ID_`) ON DELETE RESTRICT ON UPDATE RESTRICT
) ENGINE = InnoDB CHARACTER SET = utf8 COLLATE = utf8_bin ROW_FORMAT = Dynamic;

-- ----------------------------
-- Table structure for act_ru_execution
-- ----------------------------
DROP TABLE IF EXISTS `act_ru_execution`;
CREATE TABLE `act_ru_execution`  (
  `ID_` varchar(64) CHARACTER SET utf8 COLLATE utf8_bin NOT NULL,
  `REV_` int(11) NULL DEFAULT NULL,
  `PROC_INST_ID_` varchar(64) CHARACTER SET utf8 COLLATE utf8_bin NULL DEFAULT NULL,
  `BUSINESS_KEY_` varchar(255) CHARACTER SET utf8 COLLATE utf8_bin NULL DEFAULT NULL,
  `PARENT_ID_` varchar(64) CHARACTER SET utf8 COLLATE utf8_bin NULL DEFAULT NULL,
  `PROC_DEF_ID_` varchar(64) CHARACTER SET utf8 COLLATE utf8_bin NULL DEFAULT NULL,
  `SUPER_EXEC_` varchar(64) CHARACTER SET utf8 COLLATE utf8_bin NULL DEFAULT NULL,
  `ACT_ID_` varchar(255) CHARACTER SET utf8 COLLATE utf8_bin NULL DEFAULT NULL,
  `IS_ACTIVE_` tinyint(4) NULL DEFAULT NULL,
  `IS_CONCURRENT_` tinyint(4) NULL DEFAULT NULL,
  `IS_SCOPE_` tinyint(4) NULL DEFAULT NULL,
  `IS_EVENT_SCOPE_` tinyint(4) NULL DEFAULT NULL,
  `SUSPENSION_STATE_` int(11) NULL DEFAULT NULL,
  `CACHED_ENT_STATE_` int(11) NULL DEFAULT NULL,
  `TENANT_ID_` varchar(255) CHARACTER SET utf8 COLLATE utf8_bin NULL DEFAULT '',
  `NAME_` varchar(255) CHARACTER SET utf8 COLLATE utf8_bin NULL DEFAULT NULL,
  `LOCK_TIME_` timestamp(3) NULL DEFAULT NULL,
  PRIMARY KEY (`ID_`) USING BTREE,
  INDEX `ACT_IDX_EXEC_BUSKEY`(`BUSINESS_KEY_`) USING BTREE,
  INDEX `ACT_FK_EXE_PROCINST`(`PROC_INST_ID_`) USING BTREE,
  INDEX `ACT_FK_EXE_PARENT`(`PARENT_ID_`) USING BTREE,
  INDEX `ACT_FK_EXE_SUPER`(`SUPER_EXEC_`) USING BTREE,
  INDEX `ACT_FK_EXE_PROCDEF`(`PROC_DEF_ID_`) USING BTREE,
  CONSTRAINT `ACT_FK_EXE_PARENT` FOREIGN KEY (`PARENT_ID_`) REFERENCES `act_ru_execution` (`ID_`) ON DELETE RESTRICT ON UPDATE RESTRICT,
  CONSTRAINT `ACT_FK_EXE_PROCDEF` FOREIGN KEY (`PROC_DEF_ID_`) REFERENCES `act_re_procdef` (`ID_`) ON DELETE RESTRICT ON UPDATE RESTRICT,
  CONSTRAINT `ACT_FK_EXE_PROCINST` FOREIGN KEY (`PROC_INST_ID_`) REFERENCES `act_ru_execution` (`ID_`) ON DELETE CASCADE ON UPDATE CASCADE,
  CONSTRAINT `ACT_FK_EXE_SUPER` FOREIGN KEY (`SUPER_EXEC_`) REFERENCES `act_ru_execution` (`ID_`) ON DELETE RESTRICT ON UPDATE RESTRICT
) ENGINE = InnoDB CHARACTER SET = utf8 COLLATE = utf8_bin ROW_FORMAT = Dynamic;

-- ----------------------------
-- Records of act_ru_execution
-- ----------------------------
INSERT INTO `act_ru_execution` VALUES ('132552', 3, '132552', '606604332569198592', NULL, 'easy-leave-request:1:90006', NULL, 'getResult', 1, 0, 1, 0, 1, 2, '', '-(  2019/08/01 21:49 )', NULL);
INSERT INTO `act_ru_execution` VALUES ('135001', 1, '135001', '608398348000428032', NULL, 'easy-leave-request:1:90006', NULL, 'hrAudit', 1, 0, 1, 0, 1, 2, '', '-(  2019/08/06 20:37 )', NULL);
INSERT INTO `act_ru_execution` VALUES ('135008', 1, '135008', '608398403646259200', NULL, 'easy-leave-request:1:90006', NULL, 'hrAudit', 1, 0, 1, 0, 1, 2, '', '-(  2019/08/06 20:38 )', NULL);
INSERT INTO `act_ru_execution` VALUES ('135015', 6, '135015', '608399144565866496', NULL, 'easy-leave-request:1:90006', NULL, 'hrLook', 1, 0, 1, 0, 1, 2, '', '-(  2019/08/06 20:40 )', NULL);
INSERT INTO `act_ru_execution` VALUES ('140001', 1, '140001', '608416701440065536', NULL, 'easy-leave-request:1:90006', NULL, 'hrAudit', 1, 0, 1, 0, 1, 2, '', '-(  2019/08/06 21:50 )', NULL);
INSERT INTO `act_ru_execution` VALUES ('140008', 1, '140008', '608417195575214080', NULL, 'easy-leave-request:1:90006', NULL, 'hrAudit', 1, 0, 1, 0, 1, 2, '', '-(  2019/08/06 21:52 )', NULL);
INSERT INTO `act_ru_execution` VALUES ('140015', 1, '140015', '608417461812854784', NULL, 'easy-leave-request:1:90006', NULL, 'hrAudit', 1, 0, 1, 0, 1, 2, '', '-(  2019/08/06 21:53 )', NULL);
INSERT INTO `act_ru_execution` VALUES ('140022', 2, '140022', '608418559122472960', NULL, 'easy-leave-request:1:90006', NULL, 'adjustForm', 1, 0, 1, 0, 1, 2, '', '-(  2019/08/06 21:58 )', NULL);
INSERT INTO `act_ru_execution` VALUES ('142512', 1, '142512', '608765670804422656', NULL, 'easy-leave-request:1:90006', NULL, 'hrAudit', 1, 0, 1, 0, 1, 2, '', '-(  2019/08/07 20:57 )', NULL);
INSERT INTO `act_ru_execution` VALUES ('142519', 1, '142519', '608766674887245824', NULL, 'easy-leave-request:1:90006', NULL, 'hrAudit', 1, 0, 1, 0, 1, 2, '', '-(  2019/08/07 21:01 )', NULL);
INSERT INTO `act_ru_execution` VALUES ('145001', 1, '145001', '609494155491540992', NULL, 'easy-leave-request:1:90006', NULL, 'hrAudit', 1, 0, 1, 0, 1, 2, '', '-(  2019/08/09 21:12 )', NULL);
INSERT INTO `act_ru_execution` VALUES ('145014', 1, '145014', '609504741789007872', NULL, 'easy-leave-request:2:145013', NULL, 'hrAudit', 1, 0, 1, 0, 1, 2, '', '-(  2019/08/09 21:54 )', NULL);
INSERT INTO `act_ru_execution` VALUES ('145021', 1, '145021', '609506260680704000', NULL, 'easy-leave-request:2:145013', NULL, 'hrAudit', 1, 0, 1, 0, 1, 2, '', '-(  2019/08/09 22:00 )', NULL);
INSERT INTO `act_ru_execution` VALUES ('147501', 1, '147501', '610568045957480448', NULL, 'easy-leave-request:2:145013', NULL, 'hrAudit', 1, 0, 1, 0, 1, 2, '', '-(  2019/08/12 20:19 )', NULL);
INSERT INTO `act_ru_execution` VALUES ('147508', 1, '147508', '610574602468327424', NULL, 'easy-leave-request:2:145013', NULL, 'hrAudit', 1, 0, 1, 0, 1, 2, '', '-(  2019/08/12 20:45 )', NULL);
INSERT INTO `act_ru_execution` VALUES ('147515', 1, '147515', '610574769758142464', NULL, 'easy-leave-request:2:145013', NULL, 'hrAudit', 1, 0, 1, 0, 1, 2, '', '-(  2019/08/12 20:46 )', NULL);
INSERT INTO `act_ru_execution` VALUES ('147522', 1, '147522', '610576017559388160', NULL, 'easy-leave-request:2:145013', NULL, 'hrAudit', 1, 0, 1, 0, 1, 2, '', '-(  2019/08/12 20:51 )', NULL);
INSERT INTO `act_ru_execution` VALUES ('147529', 1, '147529', '610576204952502272', NULL, 'easy-leave-request:2:145013', NULL, 'hrAudit', 1, 0, 1, 0, 1, 2, '', '-(  2019/08/12 20:51 )', NULL);
INSERT INTO `act_ru_execution` VALUES ('150001', 1, '150001', '610578831643770880', NULL, 'easy-leave-request:2:145013', NULL, 'hrAudit', 1, 0, 1, 0, 1, 2, '', '-(  2019/08/12 21:02 )', NULL);
INSERT INTO `act_ru_execution` VALUES ('150009', 1, '150009', '610579345307598848', NULL, 'easy-leave-request:2:145013', NULL, 'hrAudit', 1, 0, 1, 0, 1, 2, '', '-(  2019/08/12 21:04 )', NULL);

-- ----------------------------
-- Table structure for act_ru_identitylink
-- ----------------------------
DROP TABLE IF EXISTS `act_ru_identitylink`;
CREATE TABLE `act_ru_identitylink`  (
  `ID_` varchar(64) CHARACTER SET utf8 COLLATE utf8_bin NOT NULL,
  `REV_` int(11) NULL DEFAULT NULL,
  `GROUP_ID_` varchar(255) CHARACTER SET utf8 COLLATE utf8_bin NULL DEFAULT NULL,
  `TYPE_` varchar(255) CHARACTER SET utf8 COLLATE utf8_bin NULL DEFAULT NULL,
  `USER_ID_` varchar(255) CHARACTER SET utf8 COLLATE utf8_bin NULL DEFAULT NULL,
  `TASK_ID_` varchar(64) CHARACTER SET utf8 COLLATE utf8_bin NULL DEFAULT NULL,
  `PROC_INST_ID_` varchar(64) CHARACTER SET utf8 COLLATE utf8_bin NULL DEFAULT NULL,
  `PROC_DEF_ID_` varchar(64) CHARACTER SET utf8 COLLATE utf8_bin NULL DEFAULT NULL,
  PRIMARY KEY (`ID_`) USING BTREE,
  INDEX `ACT_IDX_IDENT_LNK_USER`(`USER_ID_`) USING BTREE,
  INDEX `ACT_IDX_IDENT_LNK_GROUP`(`GROUP_ID_`) USING BTREE,
  INDEX `ACT_IDX_ATHRZ_PROCEDEF`(`PROC_DEF_ID_`) USING BTREE,
  INDEX `ACT_FK_TSKASS_TASK`(`TASK_ID_`) USING BTREE,
  INDEX `ACT_FK_IDL_PROCINST`(`PROC_INST_ID_`) USING BTREE,
  CONSTRAINT `ACT_FK_ATHRZ_PROCEDEF` FOREIGN KEY (`PROC_DEF_ID_`) REFERENCES `act_re_procdef` (`ID_`) ON DELETE RESTRICT ON UPDATE RESTRICT,
  CONSTRAINT `ACT_FK_IDL_PROCINST` FOREIGN KEY (`PROC_INST_ID_`) REFERENCES `act_ru_execution` (`ID_`) ON DELETE RESTRICT ON UPDATE RESTRICT,
  CONSTRAINT `ACT_FK_TSKASS_TASK` FOREIGN KEY (`TASK_ID_`) REFERENCES `act_ru_task` (`ID_`) ON DELETE RESTRICT ON UPDATE RESTRICT
) ENGINE = InnoDB CHARACTER SET = utf8 COLLATE = utf8_bin ROW_FORMAT = Dynamic;

-- ----------------------------
-- Records of act_ru_identitylink
-- ----------------------------
INSERT INTO `act_ru_identitylink` VALUES ('132559', 1, NULL, 'participant', 'zhangdali', NULL, '132552', NULL);
INSERT INTO `act_ru_identitylink` VALUES ('132568', 1, NULL, 'participant', 'zhaoli', NULL, '132552', NULL);
INSERT INTO `act_ru_identitylink` VALUES ('132575', 1, NULL, 'participant', 'admin', NULL, '132552', NULL);
INSERT INTO `act_ru_identitylink` VALUES ('135007', 1, 'role_hrStaff', 'candidate', NULL, '135006', NULL, NULL);
INSERT INTO `act_ru_identitylink` VALUES ('135014', 1, 'role_hrStaff', 'candidate', NULL, '135013', NULL, NULL);
INSERT INTO `act_ru_identitylink` VALUES ('135022', 1, NULL, 'participant', 'zhangdali', NULL, '135015', NULL);
INSERT INTO `act_ru_identitylink` VALUES ('135029', 1, NULL, 'participant', 'admin', NULL, '135015', NULL);
INSERT INTO `act_ru_identitylink` VALUES ('137521', 1, 'role_hrStaff', 'candidate', NULL, '137520', NULL, NULL);
INSERT INTO `act_ru_identitylink` VALUES ('140007', 1, 'role_hrStaff', 'candidate', NULL, '140006', NULL, NULL);
INSERT INTO `act_ru_identitylink` VALUES ('140014', 1, 'role_hrStaff', 'candidate', NULL, '140013', NULL, NULL);
INSERT INTO `act_ru_identitylink` VALUES ('140021', 1, 'role_hrStaff', 'candidate', NULL, '140020', NULL, NULL);
INSERT INTO `act_ru_identitylink` VALUES ('142501', 1, NULL, 'participant', 'zhangdali', NULL, '140022', NULL);
INSERT INTO `act_ru_identitylink` VALUES ('142502', 1, NULL, 'participant', 'zhangdali', NULL, '140015', NULL);
INSERT INTO `act_ru_identitylink` VALUES ('142503', 1, NULL, 'participant', 'zhangdali', NULL, '140008', NULL);
INSERT INTO `act_ru_identitylink` VALUES ('142504', 1, NULL, 'participant', 'zhangdali', NULL, '140001', NULL);
INSERT INTO `act_ru_identitylink` VALUES ('142511', 1, NULL, 'participant', 'admin', NULL, '140022', NULL);
INSERT INTO `act_ru_identitylink` VALUES ('142518', 1, 'role_hrStaff', 'candidate', NULL, '142517', NULL, NULL);
INSERT INTO `act_ru_identitylink` VALUES ('142525', 1, 'role_hrStaff', 'candidate', NULL, '142524', NULL, NULL);
INSERT INTO `act_ru_identitylink` VALUES ('145007', 1, 'role_hrStaff', 'candidate', NULL, '145006', NULL, NULL);
INSERT INTO `act_ru_identitylink` VALUES ('145020', 1, 'role_hrStaff', 'candidate', NULL, '145019', NULL, NULL);
INSERT INTO `act_ru_identitylink` VALUES ('145027', 1, 'role_hrStaff', 'candidate', NULL, '145026', NULL, NULL);
INSERT INTO `act_ru_identitylink` VALUES ('147507', 1, 'role_hrStaff', 'candidate', NULL, '147506', NULL, NULL);
INSERT INTO `act_ru_identitylink` VALUES ('147514', 1, 'role_hrStaff', 'candidate', NULL, '147513', NULL, NULL);
INSERT INTO `act_ru_identitylink` VALUES ('147521', 1, 'role_hrStaff', 'candidate', NULL, '147520', NULL, NULL);
INSERT INTO `act_ru_identitylink` VALUES ('147528', 1, 'role_hrStaff', 'candidate', NULL, '147527', NULL, NULL);
INSERT INTO `act_ru_identitylink` VALUES ('147535', 1, 'role_hrStaff', 'candidate', NULL, '147534', NULL, NULL);
INSERT INTO `act_ru_identitylink` VALUES ('150003', 1, NULL, 'starter', 'admin', NULL, '150001', NULL);
INSERT INTO `act_ru_identitylink` VALUES ('150008', 1, 'role_hrStaff', 'candidate', NULL, '150007', NULL, NULL);
INSERT INTO `act_ru_identitylink` VALUES ('150011', 1, NULL, 'starter', 'zhangdali', NULL, '150009', NULL);
INSERT INTO `act_ru_identitylink` VALUES ('150016', 1, 'role_hrStaff', 'candidate', NULL, '150015', NULL, NULL);
INSERT INTO `act_ru_identitylink` VALUES ('152501', 1, NULL, 'participant', 'zhangdali', NULL, '150001', NULL);
INSERT INTO `act_ru_identitylink` VALUES ('152502', 1, NULL, 'participant', 'zhangdali', NULL, '147529', NULL);
INSERT INTO `act_ru_identitylink` VALUES ('152503', 1, NULL, 'participant', 'zhangdali', NULL, '147522', NULL);
INSERT INTO `act_ru_identitylink` VALUES ('152504', 1, NULL, 'participant', 'zhangdali', NULL, '147515', NULL);
INSERT INTO `act_ru_identitylink` VALUES ('152505', 1, NULL, 'participant', 'zhangdali', NULL, '147508', NULL);
INSERT INTO `act_ru_identitylink` VALUES ('152506', 1, NULL, 'participant', 'zhangdali', NULL, '147501', NULL);
INSERT INTO `act_ru_identitylink` VALUES ('152507', 1, NULL, 'participant', 'zhangdali', NULL, '145021', NULL);
INSERT INTO `act_ru_identitylink` VALUES ('152508', 1, NULL, 'participant', 'zhangdali', NULL, '145014', NULL);
INSERT INTO `act_ru_identitylink` VALUES ('152509', 1, NULL, 'participant', 'zhangdali', NULL, '145001', NULL);
INSERT INTO `act_ru_identitylink` VALUES ('152510', 1, NULL, 'participant', 'zhangdali', NULL, '142519', NULL);
INSERT INTO `act_ru_identitylink` VALUES ('152511', 1, NULL, 'participant', 'zhangdali', NULL, '135008', NULL);
INSERT INTO `act_ru_identitylink` VALUES ('152512', 1, NULL, 'participant', 'zhangdali', NULL, '142512', NULL);
INSERT INTO `act_ru_identitylink` VALUES ('152513', 1, NULL, 'participant', 'zhangdali', NULL, '135001', NULL);

-- ----------------------------
-- Table structure for act_ru_job
-- ----------------------------
DROP TABLE IF EXISTS `act_ru_job`;
CREATE TABLE `act_ru_job`  (
  `ID_` varchar(64) CHARACTER SET utf8 COLLATE utf8_bin NOT NULL,
  `REV_` int(11) NULL DEFAULT NULL,
  `TYPE_` varchar(255) CHARACTER SET utf8 COLLATE utf8_bin NOT NULL,
  `LOCK_EXP_TIME_` timestamp(3) NULL DEFAULT NULL,
  `LOCK_OWNER_` varchar(255) CHARACTER SET utf8 COLLATE utf8_bin NULL DEFAULT NULL,
  `EXCLUSIVE_` tinyint(1) NULL DEFAULT NULL,
  `EXECUTION_ID_` varchar(64) CHARACTER SET utf8 COLLATE utf8_bin NULL DEFAULT NULL,
  `PROCESS_INSTANCE_ID_` varchar(64) CHARACTER SET utf8 COLLATE utf8_bin NULL DEFAULT NULL,
  `PROC_DEF_ID_` varchar(64) CHARACTER SET utf8 COLLATE utf8_bin NULL DEFAULT NULL,
  `RETRIES_` int(11) NULL DEFAULT NULL,
  `EXCEPTION_STACK_ID_` varchar(64) CHARACTER SET utf8 COLLATE utf8_bin NULL DEFAULT NULL,
  `EXCEPTION_MSG_` varchar(4000) CHARACTER SET utf8 COLLATE utf8_bin NULL DEFAULT NULL,
  `DUEDATE_` timestamp(3) NULL DEFAULT NULL,
  `REPEAT_` varchar(255) CHARACTER SET utf8 COLLATE utf8_bin NULL DEFAULT NULL,
  `HANDLER_TYPE_` varchar(255) CHARACTER SET utf8 COLLATE utf8_bin NULL DEFAULT NULL,
  `HANDLER_CFG_` varchar(4000) CHARACTER SET utf8 COLLATE utf8_bin NULL DEFAULT NULL,
  `TENANT_ID_` varchar(255) CHARACTER SET utf8 COLLATE utf8_bin NULL DEFAULT '',
  PRIMARY KEY (`ID_`) USING BTREE,
  INDEX `ACT_FK_JOB_EXCEPTION`(`EXCEPTION_STACK_ID_`) USING BTREE,
  CONSTRAINT `ACT_FK_JOB_EXCEPTION` FOREIGN KEY (`EXCEPTION_STACK_ID_`) REFERENCES `act_ge_bytearray` (`ID_`) ON DELETE RESTRICT ON UPDATE RESTRICT
) ENGINE = InnoDB CHARACTER SET = utf8 COLLATE = utf8_bin ROW_FORMAT = Dynamic;

-- ----------------------------
-- Table structure for act_ru_task
-- ----------------------------
DROP TABLE IF EXISTS `act_ru_task`;
CREATE TABLE `act_ru_task`  (
  `ID_` varchar(64) CHARACTER SET utf8 COLLATE utf8_bin NOT NULL,
  `REV_` int(11) NULL DEFAULT NULL,
  `EXECUTION_ID_` varchar(64) CHARACTER SET utf8 COLLATE utf8_bin NULL DEFAULT NULL,
  `PROC_INST_ID_` varchar(64) CHARACTER SET utf8 COLLATE utf8_bin NULL DEFAULT NULL,
  `PROC_DEF_ID_` varchar(64) CHARACTER SET utf8 COLLATE utf8_bin NULL DEFAULT NULL,
  `NAME_` varchar(255) CHARACTER SET utf8 COLLATE utf8_bin NULL DEFAULT NULL,
  `PARENT_TASK_ID_` varchar(64) CHARACTER SET utf8 COLLATE utf8_bin NULL DEFAULT NULL,
  `DESCRIPTION_` varchar(4000) CHARACTER SET utf8 COLLATE utf8_bin NULL DEFAULT NULL,
  `TASK_DEF_KEY_` varchar(255) CHARACTER SET utf8 COLLATE utf8_bin NULL DEFAULT NULL,
  `OWNER_` varchar(255) CHARACTER SET utf8 COLLATE utf8_bin NULL DEFAULT NULL,
  `ASSIGNEE_` varchar(255) CHARACTER SET utf8 COLLATE utf8_bin NULL DEFAULT NULL,
  `DELEGATION_` varchar(64) CHARACTER SET utf8 COLLATE utf8_bin NULL DEFAULT NULL,
  `PRIORITY_` int(11) NULL DEFAULT NULL,
  `CREATE_TIME_` timestamp(3) NULL DEFAULT NULL,
  `DUE_DATE_` datetime(3) NULL DEFAULT NULL,
  `CATEGORY_` varchar(255) CHARACTER SET utf8 COLLATE utf8_bin NULL DEFAULT NULL,
  `SUSPENSION_STATE_` int(11) NULL DEFAULT NULL,
  `TENANT_ID_` varchar(255) CHARACTER SET utf8 COLLATE utf8_bin NULL DEFAULT '',
  `FORM_KEY_` varchar(255) CHARACTER SET utf8 COLLATE utf8_bin NULL DEFAULT NULL,
  PRIMARY KEY (`ID_`) USING BTREE,
  INDEX `ACT_IDX_TASK_CREATE`(`CREATE_TIME_`) USING BTREE,
  INDEX `ACT_FK_TASK_EXE`(`EXECUTION_ID_`) USING BTREE,
  INDEX `ACT_FK_TASK_PROCINST`(`PROC_INST_ID_`) USING BTREE,
  INDEX `ACT_FK_TASK_PROCDEF`(`PROC_DEF_ID_`) USING BTREE,
  CONSTRAINT `ACT_FK_TASK_EXE` FOREIGN KEY (`EXECUTION_ID_`) REFERENCES `act_ru_execution` (`ID_`) ON DELETE RESTRICT ON UPDATE RESTRICT,
  CONSTRAINT `ACT_FK_TASK_PROCDEF` FOREIGN KEY (`PROC_DEF_ID_`) REFERENCES `act_re_procdef` (`ID_`) ON DELETE RESTRICT ON UPDATE RESTRICT,
  CONSTRAINT `ACT_FK_TASK_PROCINST` FOREIGN KEY (`PROC_INST_ID_`) REFERENCES `act_ru_execution` (`ID_`) ON DELETE RESTRICT ON UPDATE RESTRICT
) ENGINE = InnoDB CHARACTER SET = utf8 COLLATE = utf8_bin ROW_FORMAT = Dynamic;

-- ----------------------------
-- Records of act_ru_task
-- ----------------------------
INSERT INTO `act_ru_task` VALUES ('132574', 1, '132552', '132552', 'easy-leave-request:1:90006', '', NULL, '    ', 'getResult', NULL, 'admin', NULL, 50, '2019-08-01 21:52:56.916', NULL, NULL, 1, '', 'available.form');
INSERT INTO `act_ru_task` VALUES ('135006', 2, '135001', '135001', 'easy-leave-request:1:90006', '', NULL, NULL, 'hrAudit', NULL, 'zhangdali', NULL, 50, '2019-08-06 20:37:49.809', NULL, NULL, 1, '', 'audit.form');
INSERT INTO `act_ru_task` VALUES ('135013', 2, '135008', '135008', 'easy-leave-request:1:90006', '', NULL, NULL, 'hrAudit', NULL, 'zhangdali', NULL, 50, '2019-08-06 20:38:02.934', NULL, NULL, 1, '', 'audit.form');
INSERT INTO `act_ru_task` VALUES ('137520', 2, '135015', '135015', 'easy-leave-request:1:90006', '', NULL, ' ', 'hrLook', NULL, 'zhangdali', NULL, 50, '2019-08-06 21:43:23.503', NULL, NULL, 1, '', NULL);
INSERT INTO `act_ru_task` VALUES ('140006', 2, '140001', '140001', 'easy-leave-request:1:90006', '', NULL, NULL, 'hrAudit', NULL, 'zhangdali', NULL, 50, '2019-08-06 21:50:45.583', NULL, NULL, 1, '', 'audit.form');
INSERT INTO `act_ru_task` VALUES ('140013', 2, '140008', '140008', 'easy-leave-request:1:90006', '', NULL, NULL, 'hrAudit', NULL, 'zhangdali', NULL, 50, '2019-08-06 21:52:43.279', NULL, NULL, 1, '', 'audit.form');
INSERT INTO `act_ru_task` VALUES ('140020', 2, '140015', '140015', 'easy-leave-request:1:90006', '', NULL, NULL, 'hrAudit', NULL, 'zhangdali', NULL, 50, '2019-08-06 21:53:46.753', NULL, NULL, 1, '', 'audit.form');
INSERT INTO `act_ru_task` VALUES ('142510', 1, '140022', '140022', 'easy-leave-request:1:90006', '', NULL, '   ', 'adjustForm', NULL, 'admin', NULL, 50, '2019-08-07 20:19:02.088', NULL, NULL, 1, '', NULL);
INSERT INTO `act_ru_task` VALUES ('142517', 2, '142512', '142512', 'easy-leave-request:1:90006', '', NULL, NULL, 'hrAudit', NULL, 'zhangdali', NULL, 50, '2019-08-07 20:57:26.320', NULL, NULL, 1, '', 'audit.form');
INSERT INTO `act_ru_task` VALUES ('142524', 2, '142519', '142519', 'easy-leave-request:1:90006', '', NULL, NULL, 'hrAudit', NULL, 'zhangdali', NULL, 50, '2019-08-07 21:01:25.637', NULL, NULL, 1, '', 'audit.form');
INSERT INTO `act_ru_task` VALUES ('145006', 2, '145001', '145001', 'easy-leave-request:1:90006', '', NULL, NULL, 'hrAudit', NULL, 'zhangdali', NULL, 50, '2019-08-09 21:12:10.668', NULL, NULL, 1, '', 'audit.form');
INSERT INTO `act_ru_task` VALUES ('145019', 2, '145014', '145014', 'easy-leave-request:2:145013', '', NULL, NULL, 'hrAudit', NULL, 'zhangdali', NULL, 50, '2019-08-09 21:54:14.499', NULL, NULL, 1, '', 'audit.form');
INSERT INTO `act_ru_task` VALUES ('145026', 2, '145021', '145021', 'easy-leave-request:2:145013', '', NULL, NULL, 'hrAudit', NULL, 'zhangdali', NULL, 50, '2019-08-09 22:00:16.637', NULL, NULL, 1, '', 'audit.form');
INSERT INTO `act_ru_task` VALUES ('147506', 2, '147501', '147501', 'easy-leave-request:2:145013', '', NULL, NULL, 'hrAudit', NULL, 'zhangdali', NULL, 50, '2019-08-12 20:19:26.110', NULL, NULL, 1, '', 'audit.form');
INSERT INTO `act_ru_task` VALUES ('147513', 2, '147508', '147508', 'easy-leave-request:2:145013', '', NULL, NULL, 'hrAudit', NULL, 'zhangdali', NULL, 50, '2019-08-12 20:45:29.170', NULL, NULL, 1, '', 'audit.form');
INSERT INTO `act_ru_task` VALUES ('147520', 2, '147515', '147515', 'easy-leave-request:2:145013', '', NULL, NULL, 'hrAudit', NULL, 'zhangdali', NULL, 50, '2019-08-12 20:46:09.053', NULL, NULL, 1, '', 'audit.form');
INSERT INTO `act_ru_task` VALUES ('147527', 2, '147522', '147522', 'easy-leave-request:2:145013', '', NULL, NULL, 'hrAudit', NULL, 'zhangdali', NULL, 50, '2019-08-12 20:51:06.551', NULL, NULL, 1, '', 'audit.form');
INSERT INTO `act_ru_task` VALUES ('147534', 2, '147529', '147529', 'easy-leave-request:2:145013', '', NULL, NULL, 'hrAudit', NULL, 'zhangdali', NULL, 50, '2019-08-12 20:51:51.229', NULL, NULL, 1, '', 'audit.form');
INSERT INTO `act_ru_task` VALUES ('150007', 2, '150001', '150001', 'easy-leave-request:2:145013', '', NULL, NULL, 'hrAudit', NULL, 'zhangdali', NULL, 50, '2019-08-12 21:02:17.607', NULL, NULL, 1, '', 'audit.form');
INSERT INTO `act_ru_task` VALUES ('150015', 2, '150009', '150009', 'easy-leave-request:2:145013', '', NULL, NULL, 'hrAudit', NULL, 'zhangdali', NULL, 50, '2019-08-12 21:04:19.952', NULL, NULL, 1, '', 'audit.form');

-- ----------------------------
-- Table structure for act_ru_variable
-- ----------------------------
DROP TABLE IF EXISTS `act_ru_variable`;
CREATE TABLE `act_ru_variable`  (
  `ID_` varchar(64) CHARACTER SET utf8 COLLATE utf8_bin NOT NULL,
  `REV_` int(11) NULL DEFAULT NULL,
  `TYPE_` varchar(255) CHARACTER SET utf8 COLLATE utf8_bin NOT NULL,
  `NAME_` varchar(255) CHARACTER SET utf8 COLLATE utf8_bin NOT NULL,
  `EXECUTION_ID_` varchar(64) CHARACTER SET utf8 COLLATE utf8_bin NULL DEFAULT NULL,
  `PROC_INST_ID_` varchar(64) CHARACTER SET utf8 COLLATE utf8_bin NULL DEFAULT NULL,
  `TASK_ID_` varchar(64) CHARACTER SET utf8 COLLATE utf8_bin NULL DEFAULT NULL,
  `BYTEARRAY_ID_` varchar(64) CHARACTER SET utf8 COLLATE utf8_bin NULL DEFAULT NULL,
  `DOUBLE_` double NULL DEFAULT NULL,
  `LONG_` bigint(20) NULL DEFAULT NULL,
  `TEXT_` varchar(4000) CHARACTER SET utf8 COLLATE utf8_bin NULL DEFAULT NULL,
  `TEXT2_` varchar(4000) CHARACTER SET utf8 COLLATE utf8_bin NULL DEFAULT NULL,
  PRIMARY KEY (`ID_`) USING BTREE,
  INDEX `ACT_IDX_VARIABLE_TASK_ID`(`TASK_ID_`) USING BTREE,
  INDEX `ACT_FK_VAR_EXE`(`EXECUTION_ID_`) USING BTREE,
  INDEX `ACT_FK_VAR_PROCINST`(`PROC_INST_ID_`) USING BTREE,
  INDEX `ACT_FK_VAR_BYTEARRAY`(`BYTEARRAY_ID_`) USING BTREE,
  CONSTRAINT `ACT_FK_VAR_BYTEARRAY` FOREIGN KEY (`BYTEARRAY_ID_`) REFERENCES `act_ge_bytearray` (`ID_`) ON DELETE RESTRICT ON UPDATE RESTRICT,
  CONSTRAINT `ACT_FK_VAR_EXE` FOREIGN KEY (`EXECUTION_ID_`) REFERENCES `act_ru_execution` (`ID_`) ON DELETE RESTRICT ON UPDATE RESTRICT,
  CONSTRAINT `ACT_FK_VAR_PROCINST` FOREIGN KEY (`PROC_INST_ID_`) REFERENCES `act_ru_execution` (`ID_`) ON DELETE RESTRICT ON UPDATE RESTRICT
) ENGINE = InnoDB CHARACTER SET = utf8 COLLATE = utf8_bin ROW_FORMAT = Dynamic;

-- ----------------------------
-- Records of act_ru_variable
-- ----------------------------
INSERT INTO `act_ru_variable` VALUES ('132553', 1, 'string', 'initiator', '132552', '132552', NULL, NULL, NULL, NULL, 'admin', NULL);
INSERT INTO `act_ru_variable` VALUES ('132555', 1, 'string', 'businessForm', '132552', '132552', NULL, NULL, NULL, NULL, 'form_leave', NULL);
INSERT INTO `act_ru_variable` VALUES ('132562', 1, 'string', 'fp_auditResult', '132552', '132552', NULL, NULL, NULL, NULL, '', NULL);
INSERT INTO `act_ru_variable` VALUES ('135002', 1, 'string', 'initiator', '135001', '135001', NULL, NULL, NULL, NULL, 'admin', NULL);
INSERT INTO `act_ru_variable` VALUES ('135004', 1, 'string', 'businessForm', '135001', '135001', NULL, NULL, NULL, NULL, 'form_leave', NULL);
INSERT INTO `act_ru_variable` VALUES ('135009', 1, 'string', 'initiator', '135008', '135008', NULL, NULL, NULL, NULL, 'admin', NULL);
INSERT INTO `act_ru_variable` VALUES ('135011', 1, 'string', 'businessForm', '135008', '135008', NULL, NULL, NULL, NULL, 'form_leave', NULL);
INSERT INTO `act_ru_variable` VALUES ('135016', 1, 'string', 'initiator', '135015', '135015', NULL, NULL, NULL, NULL, 'admin', NULL);
INSERT INTO `act_ru_variable` VALUES ('135018', 1, 'string', 'businessForm', '135015', '135015', NULL, NULL, NULL, NULL, 'form_leave', NULL);
INSERT INTO `act_ru_variable` VALUES ('135025', 2, 'string', 'fp_auditResult', '135015', '135015', NULL, NULL, NULL, NULL, '', NULL);
INSERT INTO `act_ru_variable` VALUES ('137518', 1, 'string', 'fp_availableTime', '135015', '135015', NULL, NULL, NULL, NULL, '2019-08-06 21:43:19', NULL);
INSERT INTO `act_ru_variable` VALUES ('140002', 1, 'string', 'initiator', '140001', '140001', NULL, NULL, NULL, NULL, 'admin', NULL);
INSERT INTO `act_ru_variable` VALUES ('140004', 1, 'string', 'businessForm', '140001', '140001', NULL, NULL, NULL, NULL, 'form_leave', NULL);
INSERT INTO `act_ru_variable` VALUES ('140009', 1, 'string', 'initiator', '140008', '140008', NULL, NULL, NULL, NULL, 'admin', NULL);
INSERT INTO `act_ru_variable` VALUES ('140011', 1, 'string', 'businessForm', '140008', '140008', NULL, NULL, NULL, NULL, 'form_leave', NULL);
INSERT INTO `act_ru_variable` VALUES ('140016', 1, 'string', 'initiator', '140015', '140015', NULL, NULL, NULL, NULL, 'admin', NULL);
INSERT INTO `act_ru_variable` VALUES ('140018', 1, 'string', 'businessForm', '140015', '140015', NULL, NULL, NULL, NULL, 'form_leave', NULL);
INSERT INTO `act_ru_variable` VALUES ('140023', 1, 'string', 'initiator', '140022', '140022', NULL, NULL, NULL, NULL, 'admin', NULL);
INSERT INTO `act_ru_variable` VALUES ('140025', 1, 'string', 'businessForm', '140022', '140022', NULL, NULL, NULL, NULL, 'form_leave', NULL);
INSERT INTO `act_ru_variable` VALUES ('142507', 1, 'string', 'fp_auditResult', '140022', '140022', NULL, NULL, NULL, NULL, '', NULL);
INSERT INTO `act_ru_variable` VALUES ('142513', 1, 'string', 'initiator', '142512', '142512', NULL, NULL, NULL, NULL, 'admin', NULL);
INSERT INTO `act_ru_variable` VALUES ('142515', 1, 'string', 'businessForm', '142512', '142512', NULL, NULL, NULL, NULL, 'form_leave', NULL);
INSERT INTO `act_ru_variable` VALUES ('142520', 1, 'string', 'initiator', '142519', '142519', NULL, NULL, NULL, NULL, 'admin', NULL);
INSERT INTO `act_ru_variable` VALUES ('142522', 1, 'string', 'businessForm', '142519', '142519', NULL, NULL, NULL, NULL, 'form_leave', NULL);
INSERT INTO `act_ru_variable` VALUES ('145002', 1, 'string', 'initiator', '145001', '145001', NULL, NULL, NULL, NULL, 'admin', NULL);
INSERT INTO `act_ru_variable` VALUES ('145004', 1, 'string', 'businessForm', '145001', '145001', NULL, NULL, NULL, NULL, 'form_leave', NULL);
INSERT INTO `act_ru_variable` VALUES ('145015', 1, 'string', 'initiator', '145014', '145014', NULL, NULL, NULL, NULL, 'admin', NULL);
INSERT INTO `act_ru_variable` VALUES ('145017', 1, 'string', 'businessForm', '145014', '145014', NULL, NULL, NULL, NULL, 'form_leave', NULL);
INSERT INTO `act_ru_variable` VALUES ('145022', 1, 'string', 'initiator', '145021', '145021', NULL, NULL, NULL, NULL, 'admin', NULL);
INSERT INTO `act_ru_variable` VALUES ('145024', 1, 'string', 'businessForm', '145021', '145021', NULL, NULL, NULL, NULL, 'form_leave', NULL);
INSERT INTO `act_ru_variable` VALUES ('147502', 1, 'string', 'initiator', '147501', '147501', NULL, NULL, NULL, NULL, 'admin', NULL);
INSERT INTO `act_ru_variable` VALUES ('147504', 1, 'string', 'businessForm', '147501', '147501', NULL, NULL, NULL, NULL, 'form_leave', NULL);
INSERT INTO `act_ru_variable` VALUES ('147509', 1, 'string', 'initiator', '147508', '147508', NULL, NULL, NULL, NULL, 'admin', NULL);
INSERT INTO `act_ru_variable` VALUES ('147511', 1, 'string', 'businessForm', '147508', '147508', NULL, NULL, NULL, NULL, 'form_leave', NULL);
INSERT INTO `act_ru_variable` VALUES ('147516', 1, 'string', 'initiator', '147515', '147515', NULL, NULL, NULL, NULL, 'admin', NULL);
INSERT INTO `act_ru_variable` VALUES ('147518', 1, 'string', 'businessForm', '147515', '147515', NULL, NULL, NULL, NULL, 'form_leave', NULL);
INSERT INTO `act_ru_variable` VALUES ('147523', 1, 'string', 'initiator', '147522', '147522', NULL, NULL, NULL, NULL, 'admin', NULL);
INSERT INTO `act_ru_variable` VALUES ('147525', 1, 'string', 'businessForm', '147522', '147522', NULL, NULL, NULL, NULL, 'form_leave', NULL);
INSERT INTO `act_ru_variable` VALUES ('147530', 1, 'string', 'initiator', '147529', '147529', NULL, NULL, NULL, NULL, 'admin', NULL);
INSERT INTO `act_ru_variable` VALUES ('147532', 1, 'string', 'businessForm', '147529', '147529', NULL, NULL, NULL, NULL, 'form_leave', NULL);
INSERT INTO `act_ru_variable` VALUES ('150002', 1, 'string', 'initiator', '150001', '150001', NULL, NULL, NULL, NULL, 'admin', NULL);
INSERT INTO `act_ru_variable` VALUES ('150005', 1, 'string', 'businessForm', '150001', '150001', NULL, NULL, NULL, NULL, 'form_leave', NULL);
INSERT INTO `act_ru_variable` VALUES ('150010', 1, 'string', 'initiator', '150009', '150009', NULL, NULL, NULL, NULL, 'zhangdali', NULL);
INSERT INTO `act_ru_variable` VALUES ('150013', 1, 'string', 'businessForm', '150009', '150009', NULL, NULL, NULL, NULL, 'form_leave', NULL);

-- ----------------------------
-- Table structure for business_form_info
-- ----------------------------
DROP TABLE IF EXISTS `business_form_info`;
CREATE TABLE `business_form_info`  (
  `id` varchar(30) CHARACTER SET utf8mb4 COLLATE utf8mb4_general_ci NOT NULL COMMENT '',
  `categoryId` varchar(30) CHARACTER SET utf8mb4 COLLATE utf8mb4_general_ci NOT NULL COMMENT 'id',
  `name` varchar(50) CHARACTER SET utf8mb4 COLLATE utf8mb4_general_ci NOT NULL COMMENT '',
  `icon` varchar(50) CHARACTER SET utf8mb4 COLLATE utf8mb4_general_ci NULL DEFAULT NULL COMMENT '',
  `info` varchar(200) CHARACTER SET utf8mb4 COLLATE utf8mb4_general_ci NULL DEFAULT NULL COMMENT '',
  `formName` varchar(50) CHARACTER SET utf8mb4 COLLATE utf8mb4_general_ci NOT NULL COMMENT '',
  `processKey` varchar(50) CHARACTER SET utf8mb4 COLLATE utf8mb4_general_ci NOT NULL COMMENT 'key',
  `createTime` datetime(0) NOT NULL COMMENT '',
  `creater` varchar(50) CHARACTER SET utf8mb4 COLLATE utf8mb4_general_ci NOT NULL COMMENT '',
  `updateTime` datetime(0) NULL DEFAULT NULL COMMENT '',
  `updater` varchar(50) CHARACTER SET utf8mb4 COLLATE utf8mb4_general_ci NULL DEFAULT NULL COMMENT '',
  PRIMARY KEY (`id`) USING BTREE
) ENGINE = InnoDB CHARACTER SET = utf8mb4 COLLATE = utf8mb4_general_ci COMMENT = '' ROW_FORMAT = Dynamic;

-- ----------------------------
-- Records of business_form_info
-- ----------------------------
INSERT INTO `business_form_info` VALUES ('614205303331749888', '603237644834439168', '', 'iconfont icon-gencode', '', 'form_leave', 'easy-leave-request', '2019-08-22 21:12:36', 'admin', '2019-08-22 21:36:35', 'admin');

-- ----------------------------
-- Table structure for form_leave
-- ----------------------------
DROP TABLE IF EXISTS `form_leave`;
CREATE TABLE `form_leave`  (
  `id` varchar(30) CHARACTER SET utf8mb4 COLLATE utf8mb4_general_ci NOT NULL COMMENT '',
  `leaveType` varchar(50) CHARACTER SET utf8mb4 COLLATE utf8mb4_general_ci NULL DEFAULT NULL COMMENT '',
  `startTime` datetime(0) NULL DEFAULT NULL COMMENT '',
  `endTime` datetime(0) NULL DEFAULT NULL COMMENT '',
  `leaveReason` varchar(255) CHARACTER SET utf8mb4 COLLATE utf8mb4_general_ci NULL DEFAULT NULL COMMENT '',
  `creater` varchar(50) CHARACTER SET utf8mb4 COLLATE utf8mb4_general_ci NOT NULL COMMENT '',
  `createTime` datetime(0) NOT NULL COMMENT '',
  `updater` varchar(50) CHARACTER SET utf8mb4 COLLATE utf8mb4_general_ci NULL DEFAULT NULL COMMENT '',
  `updateTime` datetime(0) NULL DEFAULT NULL COMMENT '',
  PRIMARY KEY (`id`) USING BTREE
) ENGINE = InnoDB CHARACTER SET = utf8mb4 COLLATE = utf8mb4_general_ci COMMENT = '' ROW_FORMAT = Dynamic;

-- ----------------------------
-- Records of form_leave
-- ----------------------------
INSERT INTO `form_leave` VALUES ('606600426585849856', '', '2019-08-01 21:33:12', '2019-08-29 21:33:14', '\r\n', 'admin', '2019-08-01 21:33:32', 'admin', '2019-08-01 21:38:32');
INSERT INTO `form_leave` VALUES ('606604332569198592', '', '2019-08-01 21:48:53', '2019-08-01 21:48:55', '', 'admin', '2019-08-01 21:49:03', NULL, NULL);
INSERT INTO `form_leave` VALUES ('608398348000428032', '', '2019-08-21 20:37:37', '2019-08-06 20:37:41', 'good bless you', 'admin', '2019-08-06 20:37:50', NULL, NULL);
INSERT INTO `form_leave` VALUES ('608398403646259200', '', '2019-08-06 20:37:55', '2019-08-06 20:37:56', 'hello world', 'admin', '2019-08-06 20:38:03', NULL, NULL);
INSERT INTO `form_leave` VALUES ('608399144565866496', '', '2019-08-14 20:40:45', '2019-08-15 20:40:48', '', 'admin', '2019-08-06 20:41:00', 'admin', '2019-08-06 21:31:38');
INSERT INTO `form_leave` VALUES ('608416701440065536', '', '2019-08-06 21:50:28', '2019-08-06 21:50:30', '', 'admin', '2019-08-06 21:50:45', NULL, NULL);
INSERT INTO `form_leave` VALUES ('608417195575214080', '', '2019-08-06 21:52:33', '2019-08-06 21:52:35', '', 'admin', '2019-08-06 21:52:43', NULL, NULL);
INSERT INTO `form_leave` VALUES ('608417461812854784', '', '2019-08-06 21:53:38', '2019-08-06 21:53:39', '', 'admin', '2019-08-06 21:53:47', NULL, NULL);
INSERT INTO `form_leave` VALUES ('608418559122472960', '', '2019-08-06 21:57:59', '2019-08-07 21:58:02', '', 'admin', '2019-08-06 21:58:08', 'admin', '2019-08-12 20:33:45');
INSERT INTO `form_leave` VALUES ('608765670804422656', '', '2019-08-15 20:57:03', '2019-08-07 20:57:06', 'god bless you', 'admin', '2019-08-07 20:57:26', NULL, NULL);
INSERT INTO `form_leave` VALUES ('608766674887245824', '', '2019-08-07 21:01:13', '2019-08-07 21:01:16', '', 'admin', '2019-08-07 21:01:26', NULL, NULL);
INSERT INTO `form_leave` VALUES ('609494155491540992', '', '2019-08-09 21:12:01', '2019-08-09 21:12:03', '', 'admin', '2019-08-09 21:12:11', NULL, NULL);
INSERT INTO `form_leave` VALUES ('609504741789007872', '', '2019-08-09 21:53:57', '2019-08-10 21:54:00', 'hhhhhhhhhhhhh', 'admin', '2019-08-09 21:54:14', NULL, NULL);
INSERT INTO `form_leave` VALUES ('609506260680704000', '', '2019-08-09 22:00:08', '2019-08-22 22:00:10', 'pjpjpjppipipi', 'admin', '2019-08-09 22:00:17', NULL, NULL);
INSERT INTO `form_leave` VALUES ('610568045957480448', '', '2019-08-12 20:19:02', '2019-08-12 20:19:04', ' u', 'admin', '2019-08-12 20:19:26', NULL, NULL);
INSERT INTO `form_leave` VALUES ('610574602468327424', '', '2019-08-12 20:45:13', '2019-08-12 20:45:15', 'hhhiuhiu', 'admin', '2019-08-12 20:45:29', NULL, NULL);
INSERT INTO `form_leave` VALUES ('610574769758142464', '', '2019-08-14 20:45:42', '2019-08-13 20:45:45', 'hello world good morning hello world', 'admin', '2019-08-12 20:46:09', NULL, NULL);
INSERT INTO `form_leave` VALUES ('610576017559388160', '', '2019-08-14 20:50:42', '2019-08-12 20:50:45', 'Hello world good bless you', 'admin', '2019-08-12 20:51:07', NULL, NULL);
INSERT INTO `form_leave` VALUES ('610576204952502272', '', '2019-08-12 20:51:41', '2019-08-14 20:51:43', 'dgdfgdfg', 'admin', '2019-08-12 20:51:51', NULL, NULL);
INSERT INTO `form_leave` VALUES ('610578831643770880', '', '2019-08-12 21:02:12', '2019-08-12 21:02:14', 'sdfsdfsdf', 'admin', '2019-08-12 21:02:17', NULL, NULL);
INSERT INTO `form_leave` VALUES ('610579345307598848', '', '2019-08-12 21:04:11', '2019-08-21 21:04:14', 'uououoiuoiu', 'zhangdali', '2019-08-12 21:04:20', NULL, NULL);

SET FOREIGN_KEY_CHECKS = 1;
